Name,Smiles,Property,Smiles_stand,logP,MW,rotB,HBA,HBD,nRING,TPSA
hERG001,Oc1ccc(CCN2CCC(Nc3n(Cc4ccc(F)cc4)c(c5n3)cccc5)CC2)cc1,1,Oc1ccc(CCN2CCC(Nc3nc4ccccc4n3Cc3ccc(F)cc3)CC2)cc1,5.048300000000005,444.55400000000026,7.0,5.0,2.0,5.0,53.32
hERG002,CC(c1ccc(C(CCCN2CCC(C(c3ccccc3)(c4ccccc4)O)CC2)O)cc1)(C)C,1,CC(C)(C)c1ccc(C(O)CCCN2CCC(C(O)(c3ccccc3)c3ccccc3)CC2)cc1,6.445800000000008,471.6850000000001,8.0,3.0,2.0,4.0,43.7
hERG003,OC(Cc1ccc(n2c(c3c(C4CCN(CCN5C(=O)NCC5)CC4)c2)ccc(Cl)c3)cc1)=O,1,O=C(O)Cc1ccc(-n2cc(C3CCN(CCN4CCNC4=O)CC3)c3cc(Cl)ccc32)cc1,4.115600000000003,480.99600000000027,7.0,4.0,2.0,5.0,77.81
hERG004,COc1c(OC)cc(c2c1)c(N)nc(N3CCN(C(C4Oc(c5OC4)cccc5)=O)CC3)n2,1,COc1cc2nc(N3CCN(C(=O)C4COc5ccccc5O4)CC3)nc(N)c2cc1OC,1.7177999999999993,451.4830000000003,4.0,9.0,1.0,5.0,112.27000000000001
hERG005,CC(NCCC(c1ccccc1)c2ccccc2)Cc3ccccc3,1,CC(Cc1ccccc1)NCCC(c1ccccc1)c1ccccc1,5.4294000000000056,329.487,8.0,1.0,1.0,3.0,12.03
hERG006,COc1c(C(NC2CCN(Cc3ccccc3)CC2)=O)cc(Cl)c(N)c1,1,COc1cc(N)c(Cl)cc1C(=O)NC1CCN(Cc2ccccc2)CC1,3.3252000000000024,373.8840000000002,5.0,4.0,2.0,3.0,67.58999999999999
hERG007,OCCOCCN1CCN(C(c2ccc(Cl)cc2)c3ccccc3)CC1,1,OCCOCCN1CCN(C(c2ccccc2)c2ccc(Cl)cc2)CC1,3.055900000000001,374.91200000000015,8.0,4.0,1.0,3.0,35.940000000000005
hERG008,Clc1c(Cl)c(N2CCN(CCCCOc3cc(c4cc3)NC(=O)CC4)CC2)ccc1,1,O=C1CCc2ccc(OCCCCN3CCN(c4cccc(Cl)c4Cl)CC3)cc2N1,4.859300000000005,448.39400000000006,7.0,4.0,1.0,4.0,44.81
hERG009,CN(CCC(Nc1nc(c2ccc(C)o2)nc(n3c(C)ccn3)c1)=O)C,1,Cc1ccc(-c2nc(NC(=O)CCN(C)C)cc(-n3nccc3C)n2)o1,2.4293400000000007,354.41400000000004,6.0,7.0,1.0,3.0,89.08
hERG010,CN1CCN(CCCN(C(Nc2cc(C(F)(F)F)c(F)cc2)=O)C3C(C4C(c5cc(c6cc5)C(N)NO6)C3)C4)CC1,1,CN1CCN(CCCN(C(=O)Nc2ccc(F)c(C(F)(F)F)c2)C2CC(c3ccc4c(c3)C(N)NO4)C3CC32)CC1,4.362400000000003,576.639,7.0,6.0,3.0,6.0,86.10000000000001
hERG011,CC(NN(c1cc(C)c(C)cc1)C2=O)=C2NN=C3C(=O)C(c4cc(C(O)=O)ccc4)=CC=C3,1,Cc1ccc(-n2[nH]c(C)c(NN=C3C=CC=C(c4cccc(C(=O)O)c4)C3=O)c2=O)cc1C,3.779460000000002,442.47500000000025,5.0,6.0,3.0,4.0,116.54999999999998
hERG012,COc1cc(c2cc1)c(C(C3N(CC(C=C)C4C3)CC4)O)ccn2,1,C=CC1CN2CCC1CC2C(O)c1ccnc2ccc(OC)cc12,3.1732000000000014,324.4240000000001,4.0,4.0,1.0,5.0,45.59
hERG013,Fc1ccc(n2c(c3c(C(CCN(CCN4C(=O)NCC4)C5)=C5)c2)ccc(Cl)c3)cc1,1,O=C1NCCN1CCN1CC=C(c2cn(-c3ccc(F)cc3)c3ccc(Cl)cc23)CC1,4.537300000000004,438.93400000000025,5.0,3.0,1.0,5.0,40.510000000000005
hERG014,NCCC(c1c(c2c(c3c1)cc(Cl)cc3Cl)ccc(C(F)(F)F)c2)O,1,NCCC(O)c1cc2c(Cl)cc(Cl)cc2c2cc(C(F)(F)F)ccc12,5.700800000000004,388.21600000000007,3.0,2.0,2.0,3.0,46.25
hERG015,Cc1n(CC2C(=O)c3c(n(C)c(c34)cccc4)CC2)ccn1,1,Cc1nccn1CC1CCc2c(c3ccccc3n2C)C1=O,3.1285200000000017,293.37000000000006,2.0,4.0,0.0,4.0,39.82
hERG016,CNCCC(c1ccccc1)Oc2ccc(C(F)(F)F)cc2,1,CNCCC(Oc1ccc(C(F)(F)F)cc1)c1ccccc1,4.435000000000003,309.33099999999996,6.0,2.0,1.0,2.0,21.259999999999998
hERG017,CN(CCOC(c1c(C)cccc1)c2ccccc2)C,1,Cc1ccccc1C(OCCN(C)C)c1ccccc1,3.662620000000003,269.388,6.0,2.0,0.0,2.0,12.47
hERG018,CC(CN(C)C)CN1c(c2Sc(c13)cccc3)cc(C#N)cc2,1,CC(CN(C)C)CN1c2ccccc2Sc2ccc(C#N)cc21,4.358680000000004,323.4650000000001,4.0,4.0,0.0,3.0,30.27
hERG019,O=C1N(Cc2ccccc2)CCC1N(Cc3n(Cc4ccc(C#N)cc4)cnc3)Cc5cnccc5,1,N#Cc1ccc(Cn2cncc2CN(Cc2cccnc2)C2CCN(Cc3ccccc3)C2=O)cc1,4.001380000000003,476.58400000000023,9.0,6.0,0.0,5.0,78.05000000000001
hERG020,CN(CCC(c1ncccc1)c2ccc(Br)cc2)C,1,CN(C)CCC(c1ccc(Br)cc1)c1ccccn1,3.9277000000000024,319.246,5.0,2.0,0.0,2.0,16.130000000000003
hERG021,FC1C(c2c(c3[nH]c2C(Nc4ccccc4)=O)ccc(F)c3)CNCC1,1,O=C(Nc1ccccc1)c1[nH]c2cc(F)ccc2c1C1CNCCC1F,3.974300000000002,355.3880000000001,3.0,2.0,3.0,4.0,56.92
hERG022,COc1c(OC)cc(CNCC(COc2cc(c3cc2)C=CC(=O)N3)O)cc1,1,COc1ccc(CNCC(O)COc2ccc3[nH]c(=O)ccc3c2)cc1OC,2.0747999999999998,384.4320000000002,9.0,6.0,3.0,3.0,92.80999999999999
hERG023,CC1N(C(Nc2ccc(C(C)(C)C)cc2)=NC#N)CCN(c3c(F)cccn3)C1,1,CC1CN(c2ncccc2F)CCN1C(=NC#N)Nc1ccc(C(C)(C)C)cc1,3.9778800000000025,394.4980000000001,2.0,4.0,1.0,3.0,67.55
hERG024,CC(c1ccc(NC(N2CCN(c3c(Cl)cccn3)CC2)=O)cc1)(C)C,1,CC(C)(C)c1ccc(NC(=O)N2CCN(c3ncccc3Cl)CC2)cc1,4.386600000000003,372.9000000000001,2.0,3.0,1.0,3.0,48.470000000000006
hERG025,CN(CCCn1c(c2c(C(C(=O)NC3=O)=C3c4c(c5[nH]c4)cccc5)c1)cccc2)C,1,CN(C)CCCn1cc(C2=C(c3c[nH]c4ccccc34)C(=O)NC2=O)c2ccccc21,3.6415000000000015,412.49300000000017,6.0,4.0,2.0,5.0,70.13
hERG026,COc1c(OC)c(C(C2CCN(CCc3ccc(F)cc3)CC2)O)ccc1,1,COc1cccc(C(O)C2CCN(CCc3ccc(F)cc3)CC2)c1OC,3.831000000000003,373.46800000000013,7.0,4.0,1.0,3.0,41.93000000000001
hERG027,OCCN1CCN(CCCN2c(c3Sc(c24)cccc4)cc(Cl)cc3)CC1,1,OCCN1CCN(CCCN2c3ccccc3Sc3ccc(Cl)cc32)CC1,3.942700000000003,403.9790000000002,6.0,5.0,1.0,4.0,29.950000000000003
hERG028,O=C1NN=C(c2ccc(Nc3ccncc3)cc2)CC1,1,O=C1CCC(c2ccc(Nc3ccncc3)cc2)=NN1,2.4393000000000002,266.304,3.0,4.0,2.0,3.0,66.38
hERG029,CN1c(c2C(c3ccccc3)=NC(NC(Nc4cc(C)ccc4)=O)C1=O)cccc2,1,Cc1cccc(NC(=O)NC2N=C(c3ccccc3)c3ccccc3N(C)C2=O)c1,3.9566200000000027,398.4660000000002,3.0,3.0,2.0,4.0,73.80000000000001
hERG030,COc1c(OC)cc(C(N2CCN(c3cc(c4cc3)CCC(=O)N4)CC2)=O)cc1,1,COc1ccc(C(=O)N2CCN(c3ccc4c(c3)CCC(=O)N4)CC2)cc1OC,2.5509000000000004,395.4590000000002,4.0,5.0,1.0,4.0,71.11
hERG031,FC1C(c2c(c3[nH]c2c4ccccc4)cccc3)CNCC1,1,FC1CCNCC1c1c(-c2ccccc2)[nH]c2ccccc12,4.249900000000003,294.37300000000005,2.0,1.0,2.0,4.0,27.82
hERG032,Clc1cc(CN2C(=O)C(N(Cc3n(Cc4ccc(C#N)cc4)cnc3)CCN5CCNCC5)CC2)ccc1,1,N#Cc1ccc(Cn2cncc2CN(CCN2CCNCC2)C2CCN(Cc3cccc(Cl)c3)C2=O)cc1,2.964780000000002,532.0920000000003,10.0,7.0,1.0,5.0,80.43
hERG033,CNCCCC1c(c2C=Cc(c13)cccc3)cccc2,1,CNCCCC1c2ccccc2C=Cc2ccccc21,4.301900000000003,263.384,4.0,1.0,1.0,3.0,12.03
hERG034,CC(c1ccccc1)(C2C=CC(C(c3cc(OC(F)F)c(OC(F)F)cc3)c4cc[n+]([O-])cc4)=CN2)O,1,CC(O)(c1ccccc1)C1C=CC(C(c2cc[n+]([O-])cc2)c2ccc(OC(F)F)c(OC(F)F)c2)=CN1,4.974300000000004,516.4910000000001,9.0,5.0,2.0,4.0,77.66000000000001
hERG035,CCN(Cc1cc(c2cc1)CCC(N3C(=O)CN(Cc4cscc4)CC3)C2)CC,1,CCN(CC)Cc1ccc2c(c1)CCC(N1CCN(Cc3ccsc3)CC1=O)C2,3.7916000000000034,411.6150000000002,7.0,4.0,0.0,4.0,26.79
hERG036,CCOC(C1C(N(C)C2CC1OC(c3ccccc3)=O)CC2)=O,1,CCOC(=O)C1C(OC(=O)c2ccccc2)CC2CCC1N2C,2.2578000000000005,317.3850000000001,4.0,5.0,0.0,3.0,55.84
hERG037,CC(N=C(N1C2=O)C(O)CCC1)=C2CCN3CCC(c4c(c5on4)ccc(F)c5)CC3,1,Cc1nc2n(c(=O)c1CCN1CCC(c3noc4cc(F)ccc34)CC1)CCCC2O,3.081320000000002,426.49200000000025,4.0,7.0,1.0,5.0,84.39
hERG038,Fc1ccc(C2C3(CCN(C4(c5ccc(F)cc5)CCCCC4)CC3)C(=O)NC2)cc1,1,O=C1NCC(c2ccc(F)cc2)C12CCN(C1(c3ccc(F)cc3)CCCCC1)CC2,5.1200000000000045,424.53500000000025,3.0,2.0,1.0,5.0,32.34
hERG039,CN(C(N1C(c2ccccc2)C=C(c3c(F)ccc(F)c3)C1)=O)C4CCNCC4,1,CN(C(=O)N1CC(c2cc(F)ccc2F)=CC1c1ccccc1)C1CCNCC1,4.208900000000003,397.46900000000016,3.0,2.0,1.0,4.0,35.580000000000005
hERG040,CN(C(N1C(c2ccccc2)C=C(c3c(F)ccc(F)c3)C1)=O)CCCN,1,CN(CCCN)C(=O)N1CC(c2cc(F)ccc2F)=CC1c1ccccc1,3.8057000000000025,371.43100000000004,5.0,2.0,1.0,3.0,49.57
hERG041,COc1ccc(CCN2CCC(Nc3n(Cc4ccc(F)cc4)c(c5n3)cccc5)CC2)cc1,1,COc1ccc(CCN2CCC(Nc3nc4ccccc4n3Cc3ccc(F)cc3)CC2)cc1,5.351300000000005,458.58100000000024,8.0,5.0,1.0,5.0,42.32
hERG042,Fc1ccc(c2c(C3CNCCC3)c(c4[nH]2)ccc(F)c4)cc1,1,Fc1ccc(-c2[nH]c3cc(F)ccc3c2C2CCCNC2)cc1,4.580100000000003,312.363,2.0,1.0,2.0,4.0,27.82
hERG043,CNCCCN1c(c2CCc(c13)cccc3)cccc2,1,CNCCCN1c2ccccc2CCc2ccccc21,3.5328000000000026,266.388,4.0,2.0,1.0,3.0,15.27
hERG044,CN1CCN(CCCCN2C(=O)N(N=Cc3ccc(c4ccc(Cl)cc4)o3)CC2=O)CC1,1,CN1CCN(CCCCN2C(=O)CN(N=Cc3ccc(-c4ccc(Cl)cc4)o3)C2=O)CC1,3.2257000000000025,457.9620000000003,8.0,6.0,0.0,4.0,72.6
hERG045,O=C1C2(CCN(C3C(c4ccccc4)CCCC3)CC2)C(c5ccccc5)CN1,1,O=C1NCC(c2ccccc2)C12CCN(C1CCCCC1c1ccccc1)CC2,4.708600000000005,388.5550000000001,3.0,2.0,1.0,5.0,32.34
hERG046,FC1C(c2c(c3[nH]c2c4ccccc4)ccc(Cl)c3)CNCC1,1,FC1CCNCC1c1c(-c2ccccc2)[nH]c2cc(Cl)ccc12,4.903300000000003,328.81800000000004,2.0,1.0,2.0,4.0,27.82
hERG047,CN(CCCN1c(c2Sc(c13)cccc3)cc(Cl)cc2)C,1,CN(C)CCCN1c2ccccc2Sc2ccc(Cl)cc21,4.894400000000004,318.8730000000001,4.0,3.0,0.0,3.0,6.48
hERG048,CCC(c1c(c2n(c3ccc(F)cc3)c1)cc(Cl)cc2)CC,1,CCC(CC)c1cn(-c2ccc(F)cc2)c2ccc(Cl)cc12,6.326600000000004,315.819,4.0,1.0,0.0,3.0,4.93
hERG049,CN1C(CCOC(c2ccc(Cl)cc2)(c3ccccc3)C)CCC1,1,CN1CCCC1CCOC(C)(c1ccccc1)c1ccc(Cl)cc1,5.104400000000005,343.898,6.0,2.0,0.0,3.0,12.47
hERG050,COc1c(OCC2CCN(C(CN(C)C)=O)CC2)cc(c3c1)ncnc3Nc4c(F)cc(Br)cc4,1,COc1cc2c(Nc3ccc(Br)cc3F)ncnc2cc1OCC1CCN(C(=O)CN(C)C)CC1,4.462600000000005,546.4410000000003,8.0,7.0,1.0,4.0,79.82
hERG051,CC(C(C(N1C(c2ccccc2)C=C(c3c(F)ccc(F)c3)C1)=O)N)(C)C,1,CC(C)(C)C(N)C(=O)N1CC(c2cc(F)ccc2F)=CC1c1ccccc1,4.305100000000003,370.44300000000004,3.0,2.0,1.0,3.0,46.330000000000005
hERG052,FC1C(c2c(c3[nH]c2c4cscc4)ccc(F)c3)CNCC1,1,Fc1ccc2c(C3CNCCC3F)c(-c3ccsc3)[nH]c2c1,4.450500000000003,318.392,2.0,2.0,2.0,4.0,27.82
hERG053,CC(NC(C)(C)C)CC(c1ccccc1)c2ccccc2,1,CC(CC(c1ccccc1)c1ccccc1)NC(C)(C)C,4.985200000000004,281.44300000000004,5.0,1.0,1.0,2.0,12.03
hERG054,COc1c(OC)cc(c2c1)c(N)nc(N3CCN(C(c4ccco4)=O)CC3)n2,1,COc1cc2nc(N3CCN(C(=O)c4ccco4)CC3)nc(N)c2cc1OC,1.7845999999999997,383.40800000000024,4.0,8.0,1.0,4.0,106.95
hERG055,CCC(c1ccccc1)=C(c2ccc(OCCN(C)C)cc2)c3ccccc3,1,CCC(=C(c1ccccc1)c1ccc(OCCN(C)C)cc1)c1ccccc1,5.9961000000000055,371.524,8.0,2.0,0.0,3.0,12.47
hERG056,Fc1ccc(C(c2ccc(F)cc2)N3CCNCC3)cc1,1,Fc1ccc(C(c2ccc(F)cc2)N2CCNCC2)cc1,2.9594000000000014,288.341,3.0,2.0,1.0,3.0,15.27
hERG057,FC1C(c2c(c3[nH]c2c4ccc(F)cc4)ccc(F)c3)CNCC1,1,Fc1ccc(-c2[nH]c3cc(F)ccc3c2C2CNCCC2F)cc1,4.528100000000003,330.35300000000007,2.0,1.0,2.0,4.0,27.82
hERG058,CN(CC1CCN(CC(Nc2nc(c3ccc(C)o3)nc(n4c(C)ccn4)c2)=O)CC1)C,1,Cc1ccc(-c2nc(NC(=O)CN3CCC(CN(C)C)CC3)cc(-n3nccc3C)n2)o1,2.751240000000001,437.5480000000002,7.0,8.0,1.0,4.0,92.32000000000001
hERG059,Cc1nc(CCN2CCC(C(c3ccc(NS(C)(=O)=O)cc3)=O)CC2)ccc1,1,Cc1cccc(CCN2CCC(C(=O)c3ccc(NS(C)(=O)=O)cc3)CC2)n1,2.8989200000000013,401.53200000000015,7.0,5.0,1.0,3.0,79.37
hERG060,CCN(Cc1cc(c2cc1)CCC(N3C(=O)CN(CCc4cc(C(F)(F)F)cc(N)c4)CC3)C2)CC,1,CCN(CC)Cc1ccc2c(c1)CCC(N1CCN(CCc3cc(N)cc(C(F)(F)F)c3)CC1=O)C2,4.373600000000003,502.6250000000003,8.0,4.0,1.0,4.0,52.81
hERG061,OC1(C2CCC(F)CC2)C(N3CCC4(C(=O)NCC4c5ccccc5)CC3)CCCC1,1,O=C1NCC(c2ccccc2)C12CCN(C1CCCCC1(O)C1CCC(F)CC1)CC2,4.184200000000003,428.59200000000027,3.0,3.0,2.0,5.0,52.57000000000001
hERG062,CCC(N(c1ccccc1)C2CCN(CCc3ccccc3)CC2)=O,1,CCC(=O)N(c1ccccc1)C1CCN(CCc2ccccc2)CC1,4.136700000000004,336.47900000000004,6.0,2.0,0.0,3.0,23.550000000000004
hERG063,CC(N1CCN(c2ccc(OCC3OC(c4c(Cl)cc(Cl)cc4)(Cn5cncc5)OC3)cc2)CC1)=O,1,CC(=O)N1CCN(c2ccc(OCC3COC(Cn4ccnc4)(c4ccc(Cl)cc4Cl)O3)cc2)CC1,4.205800000000003,531.4399999999999,7.0,7.0,0.0,5.0,69.06
hERG064,CCC(c1c(c2n(c3ccc(F)cc3)c1)cc(Cl)cc2)=O,1,CCC(=O)c1cn(-c2ccc(F)cc2)c2ccc(Cl)cc12,5.0157000000000025,301.748,3.0,2.0,0.0,3.0,22.0
hERG065,COc1c(OC)cc(c2c1)C(=O)C(CC3CCN(Cc4ccccc4)CC3)C2,1,COc1cc2c(cc1OC)C(=O)C(CC1CCN(Cc3ccccc3)CC1)C2,4.361100000000004,379.50000000000017,6.0,4.0,0.0,4.0,38.77
hERG066,Fc1ccc(CCN2CC(=O)N(C3Cc(c4CC3)ccc(CN5CCC(C(F)(F)F)CC5)c4)CC2)cc1,1,O=C1CN(CCc2ccc(F)cc2)CCN1C1CCc2cc(CN3CCC(C(F)(F)F)CC3)ccc2C1,4.844200000000005,517.6110000000002,6.0,3.0,0.0,5.0,26.790000000000006
hERG067,CCOC(C(C(c1c(Cl)cccc1)C(C(OC)=O)=C(C)N2)=C2COCCN)=O,1,CCOC(=O)C1=C(COCCN)NC(C)=C(C(=O)OC)C1c1ccccc1Cl,2.266300000000001,408.88200000000006,8.0,7.0,2.0,2.0,99.88000000000001
hERG068,COc1c(C(NC2C(CN3CC2)CCC3)=O)cc(Cl)c(N)c1,1,COc1cc(N)c(Cl)cc1C(=O)NC1CCN2CCCC1C2,2.1449,323.8240000000002,3.0,4.0,2.0,3.0,67.58999999999999
hERG069,Clc1cc(Cl)c(COC(c2c(Cl)cc(Cl)cc2)Cn3cncc3)cc1,1,Clc1ccc(COC(Cn2ccnc2)c2ccc(Cl)cc2Cl)c(Cl)c1,6.454800000000002,416.1350000000001,6.0,3.0,0.0,3.0,27.05
hERG070,Fc1ccc(n2c(c3c(C4CCN(CCN5C(=O)NCC5)CC4)c2)ccc(Cl)c3)cc1,1,O=C1NCCN1CCN1CCC(c2cn(-c3ccc(F)cc3)c3ccc(Cl)cc23)CC1,4.627600000000004,440.9500000000002,5.0,3.0,1.0,5.0,40.510000000000005
hERG071,FC1C(c2c(c3[nH]c2c4ccccc4)cccc3Cl)CNCC1,1,FC1CCNCC1c1c(-c2ccccc2)[nH]c2c(Cl)cccc12,4.903300000000003,328.81800000000004,2.0,1.0,2.0,4.0,27.82
hERG072,CCC(C(c1ccccc1)(c2ccccc2)CC(N(C)C)C)OC(C)=O,1,CCC(OC(C)=O)C(CC(C)N(C)C)(c1ccccc1)c1ccccc1,4.654600000000005,353.50600000000003,8.0,3.0,0.0,2.0,29.54
hERG073,CC(C(N1C(c2ccccc2)C=C(c3c(F)ccc(F)c3)C1)=O)(CN)C,1,CC(C)(CN)C(=O)N1CC(c2cc(F)ccc2F)=CC1c1ccccc1,3.9166000000000025,356.416,4.0,2.0,1.0,3.0,46.330000000000005
hERG074,CCC(c1c(c2n(c3ccc(F)cc3)c1)cc(Cl)cc2)O,1,CCC(O)c1cn(-c2ccc(F)cc2)c2ccc(Cl)cc12,4.866400000000002,303.76400000000007,3.0,2.0,1.0,3.0,25.16
hERG075,Cc1[nH]c2c(c(c3N(C(c4ccc(NC(c5c(c6ccccc6)cccc5)=O)cc4)=O)CC2)cccc3)n1,1,Cc1nc2c([nH]1)CCN(C(=O)c1ccc(NC(=O)c3ccccc3-c3ccccc3)cc1)c1ccccc1-2,6.507320000000005,498.5860000000002,4.0,3.0,2.0,6.0,78.09
hERG076,CCOC(N1CCC(=C2c(c3CCc(c24)cc(Cl)cc4)nccc3)CC1)=O,1,CCOC(=O)N1CCC(=C2c3ccc(Cl)cc3CCc3cccnc32)CC1,4.887800000000005,382.89100000000025,1.0,3.0,0.0,4.0,42.43
hERG077,NCCC(c1ccccc1)Oc2ccc(C(F)(F)F)cc2,1,NCCC(Oc1ccc(C(F)(F)F)cc1)c1ccccc1,4.174300000000002,295.304,5.0,2.0,1.0,2.0,35.25
hERG078,CN1C2c(c3CC1)c(c(c4C2)c(O)c(O)cc4)ccc3,1,CN1CCc2cccc3c2C1Cc1ccc(O)c(O)c1-3,2.8499000000000025,267.328,0.0,3.0,2.0,4.0,43.7
hERG079,CC(C(C(N1C(c2ccccc2)C=C(c3c(F)ccc(F)c3)C1)=O)N)C,1,CC(C)C(N)C(=O)N1CC(c2cc(F)ccc2F)=CC1c1ccccc1,3.9150000000000027,356.416,4.0,2.0,1.0,3.0,46.330000000000005
hERG081,CC(N(C(C)C)CCC(c1c(O)ccc(C)c1)c2ccccc2)C,1,Cc1ccc(O)c(C(CCN(C(C)C)C(C)C)c2ccccc2)c1,5.341420000000006,325.496,7.0,2.0,1.0,2.0,23.47
hERG082,COc1ccc(CN(c2ncccc2)CCN(C)C)cc1,1,COc1ccc(CN(CCN(C)C)c2ccccn2)cc1,2.658400000000001,285.391,7.0,4.0,0.0,2.0,28.6
hERG083,CCN(CCCC(Nc1c(c2ncc1)ccc(Cl)c2)C)CC,1,CCN(CC)CCCC(C)Nc1ccnc2cc(Cl)ccc12,4.810600000000004,319.88000000000005,8.0,3.0,1.0,2.0,28.16
hERG084,Brc1cc(c2cc1)OC(C(NC3CCN(Cc4cc(c5cc4)OCO5)CC3)=O)=CC2=O,1,O=C(NC1CCN(Cc2ccc3c(c2)OCO3)CC1)c1cc(=O)c2ccc(Br)cc2o1,3.678600000000002,485.33400000000023,4.0,6.0,1.0,5.0,81.01
hERG085,C(N1CC(C2(CCCC2)C3C1)CN(CC4CC4)C3)C5CC5,1,C1CCC2(C1)C1CN(CC3CC3)CC2CN(CC2CC2)C1,3.230400000000002,288.4790000000001,4.0,2.0,0.0,5.0,6.48
hERG086,FC1C(c2c(c3[nH]c2C(CC=CN4)=C4)ccc(F)c3)CNCC1,1,Fc1ccc2c(C3CNCCC3F)c(C3=CNC=CC3)[nH]c2c1,3.5699000000000014,315.367,2.0,2.0,3.0,4.0,39.849999999999994
hERG087,COc1c(OC)c(c2cc1)C(Cc3ccccc3)N4C(c(c5CC4)cc(OC)c(OC)c5)C2,1,COc1cc2c(cc1OC)C1Cc3ccc(OC)c(OC)c3C(Cc3ccccc3)N1CC2,5.160300000000005,445.55900000000025,6.0,5.0,0.0,5.0,40.160000000000004
hERG088,OC(c1c(c2nc(C(F)(F)F)c1)cccc2C(F)(F)F)C3NCCCC3,1,OC(c1cc(C(F)(F)F)nc2c(C(F)(F)F)cccc12)C1CCCCN1,4.447900000000003,378.31600000000014,2.0,3.0,2.0,3.0,45.150000000000006
hERG089,COc1c(OC)cc(c2c1)C(Cc3ccc(Oc4c(O)ccc(CC5c(c6CCN5C)cc(OC)c(OC)c6)c4)cc3)N(C)CC2,1,COc1cc2c(cc1OC)C(Cc1ccc(Oc3cc(CC4c5cc(OC)c(OC)cc5CCN4C)ccc3O)cc1)N(C)CC2,6.7623000000000095,624.7780000000002,10.0,8.0,1.0,6.0,72.86
hERG090,CC(CN1CC(CNC(C(C(N2C(N)=C3Cl)NC(C)=C2)=C3)=O)CCC1)C,1,CC1=CN2C(N)=C(Cl)C=C(C(=O)NCC3CCCN(CC(C)C)C3)C2N1,1.8698000000000004,379.93600000000015,5.0,5.0,3.0,3.0,73.63
hERG091,OC(c1ccc(F)cc1)CCCN2CCC(c3ccc(Cl)cc3)(O)CC2,1,OC(CCCN1CCC(O)(c2ccc(Cl)cc2)CC1)c1ccc(F)cc1,4.2763000000000035,377.88700000000017,6.0,3.0,2.0,3.0,43.7
hERG092,CC(C(Cc1ccc(Cl)cc1)(O)C)CN(C)C,1,CC(CN(C)C)C(C)(O)Cc1ccc(Cl)cc1,2.831200000000001,255.789,5.0,2.0,1.0,1.0,23.47
hERG093,Clc1cc(N2CCN(CCCN3C(=O)N(C4=N3)C=CC=C4)CC2)ccc1,1,O=c1n(CCCN2CCN(c3cccc(Cl)c3)CC2)nc2ccccn12,2.3617,371.8720000000001,5.0,6.0,0.0,4.0,45.78
hERG095,FC1C(c2c(c3[nH]c2c4ccccc4)cccc3F)CNCC1,1,Fc1cccc2c(C3CNCCC3F)c(-c3ccccc3)[nH]c12,4.389000000000003,312.363,2.0,1.0,2.0,4.0,27.82
hERG096,Clc1c(C(n2cncc2)(c3ccccc3)c4ccccc4)cccc1,1,Clc1ccccc1C(c1ccccc1)(c1ccccc1)n1ccnc1,5.376700000000004,344.845,4.0,2.0,0.0,4.0,17.82
hERG097,CNCCCC(c(c12)cccc1)(c(c34)cccc3)CCC24,1,CNCCCC12CCC(c3ccccc31)c1ccccc12,4.211400000000004,277.41100000000006,4.0,1.0,1.0,5.0,12.03
hERG098,O=C1N(c2ccncc2)CCC1NCc3n(Cc4ccc(C#N)cc4)cnc3,1,N#Cc1ccc(Cn2cncc2CNC2CCN(c3ccncc3)C2=O)cc1,2.0931799999999994,372.432,6.0,6.0,1.0,4.0,86.84
hERG099,Cc1c(CN2C(=O)c3c(n(C)c(c34)cccc4)CC2)[nH]cn1,1,Cc1nc[nH]c1CN1CCc2c(c3ccccc3n2C)C1=O,2.4083200000000007,294.35800000000006,2.0,3.0,1.0,4.0,53.92
hERG100,Cc1c(NC(CN2CCN(CCCC(c3ccc(F)cc3)c4ccc(F)cc4)CC2)=O)c(C)ccc1,1,Cc1cccc(C)c1NC(=O)CN1CCN(CCCC(c2ccc(F)cc2)c2ccc(F)cc2)CC1,5.750040000000006,491.6260000000002,9.0,3.0,1.0,4.0,35.580000000000005
hERG101,CCN(Cc1cc(c2cc1)CCC(N3C(=O)CN(CCc4ccc(Cl)cc4)CC3)C2)CC,1,CCN(CC)Cc1ccc2c(c1)CCC(N1CCN(CCc3ccc(Cl)cc3)CC1=O)C2,4.426000000000004,454.0580000000003,8.0,3.0,0.0,4.0,26.79
hERG102,CCN(Cc1cc(c2cc1)CCC(N3C(=O)CN(CCC4CCCCC4)CC3)C2)CC,1,CCN(CC)Cc1ccc2c(c1)CCC(N1CCN(CCC3CCCCC3)CC1=O)C2,4.500300000000005,425.6610000000004,8.0,3.0,0.0,4.0,26.79
hERG103,CN(CCCN1c(c2CCc(c13)cccc3)cccc2)C,1,CN(C)CCCN1c2ccccc2CCc2ccccc21,3.8750000000000027,280.415,4.0,2.0,0.0,3.0,6.48
hERG104,NC(C(N1C(c2ccccc2)C=C(c3c(F)ccc(F)c3)C1)=O)C4CC4,1,NC(C(=O)N1CC(c2cc(F)ccc2F)=CC1c1ccccc1)C1CC1,3.6690000000000023,354.4000000000001,4.0,2.0,1.0,4.0,46.330000000000005
hERG105,CCc1c(c2n(c3ccc(F)cc3)c1)cc(Cl)cc2,1,CCc1cn(-c2ccc(F)cc2)c2ccc(Cl)cc12,4.985400000000002,273.738,2.0,1.0,0.0,3.0,4.93
hERG106,CN1CCN(CCCN2c(c3Sc(c24)cccc4)cc(C(F)(F)F)cc3)CC1,1,CN1CCN(CCCN2c3ccccc3Sc3ccc(C(F)(F)F)cc32)CC1,4.945600000000005,407.50500000000017,4.0,4.0,0.0,4.0,9.72
hERG107,FC(Oc1cc(c2cc1)OC(C(NC3CCN(Cc4cc(c5cc4)OCO5)CC3)=O)=CC2=O)F,1,O=C(NC1CCN(Cc2ccc3c(c2)OCO3)CC1)c1cc(=O)c2ccc(OC(F)F)cc2o1,3.517500000000002,472.44400000000024,6.0,7.0,1.0,5.0,90.24000000000001
hERG108,Clc1cc(c2cc1)OC(C(NC3CCN(Cc4cc(c5cc4)OCO5)CC3)=O)=CC2=O,1,O=C(NC1CCN(Cc2ccc3c(c2)OCO3)CC1)c1cc(=O)c2ccc(Cl)cc2o1,3.5695000000000023,440.8830000000002,4.0,6.0,1.0,5.0,81.01
hERG109,Nc1ccc(C(N2CC3CC(CN(Cc4ccccc4)C3)C2)=O)cc1,1,Nc1ccc(C(=O)N2CC3CC(CN(Cc4ccccc4)C3)C2)cc1,2.8629000000000016,335.4510000000001,3.0,3.0,1.0,4.0,49.57000000000001
hERG110,CCC(OC(c1ccccc1)(C(CNC)C)Cc2ccccc2)=O,1,CCC(=O)OC(Cc1ccccc1)(c1ccccc1)C(C)CNC,3.9333000000000027,325.4520000000001,8.0,3.0,1.0,2.0,38.33
hERG111,Fc1ccc(C(c2ccc(F)cc2)CCCN3CCC([N+](C4=O)=C5C(=N4)C=CC=C5)CC3)cc1,1,O=C1N=c2ccccc2=[N+]1C1CCN(CCCC(c2ccc(F)cc2)c2ccc(F)cc2)CC1,4.285800000000004,460.54800000000006,7.0,2.0,0.0,5.0,35.68
hERG112,CN(C1CCC2)C2CC(NC(c3c(c4n(C)n3)cccc4)=O)C1,1,CN1C2CCCC1CC(NC(=O)c1nn(C)c3ccccc13)C2,2.3183999999999996,312.4170000000001,2.0,4.0,1.0,4.0,50.160000000000004
hERG113,COCCCCC(c1ccc(C(F)(F)F)cc1)=NOCCN,1,COCCCCC(=NOCCN)c1ccc(C(F)(F)F)cc1,3.201500000000001,318.339,9.0,4.0,1.0,1.0,56.84
hERG114,FC(COc1cc(C(NCC2NCCCC2)=O)c(OCC(F)(F)F)cc1)(F)F,1,O=C(NCC1CCCCN1)c1cc(OCC(F)(F)F)ccc1OCC(F)(F)F,3.4407000000000014,414.34600000000006,7.0,4.0,2.0,2.0,59.59
hERG115,O=C1N(CCCCN2CCN(c3ncccn3)CC2)C(=O)CC4(CCCC4)C1,1,O=C1CC2(CCCC2)CC(=O)N1CCCCN1CCN(c2ncccn2)CC1,2.0881999999999996,385.5120000000001,6.0,6.0,0.0,4.0,69.64000000000001
hERG116,CN(CCCC1(c2ccc(F)cc2)c(c3CO1)ccc(C#N)c3)C,1,CN(C)CCCC1(c2ccc(F)cc2)OCc2cc(C#N)ccc21,3.812980000000003,324.39900000000006,5.0,3.0,0.0,3.0,36.26
hERG117,Fc1ccc(CCN2CC(=O)N(C3Cc(c4CC3)ccc(Cn5cncc5)c4)CC2)cc1,1,O=C1CN(CCc2ccc(F)cc2)CCN1C1CCc2cc(Cn3ccnc3)ccc2C1,3.314700000000002,432.5430000000002,6.0,4.0,0.0,5.0,41.370000000000005
hERG118,Fc1cc(c2cc1)C(=O)C=C(C(NC3CCN(Cc4cc(c5cc4)OCO5)CC3)=O)O2,1,O=C(NC1CCN(Cc2ccc3c(c2)OCO3)CC1)c1cc(=O)c2cc(F)ccc2o1,3.055200000000001,424.4280000000002,4.0,6.0,1.0,5.0,81.01
hERG119,Clc1cc(c2cc1)N=C(N3CCNCC3)c(c4N2)cccc4,1,Clc1ccc2c(c1)N=C(N1CCNCC1)c1ccccc1N2,3.3805000000000023,312.804,0.0,4.0,2.0,4.0,39.66
hERG120,FC1C(c2c(c3[nH]c2c4ccccc4)ccc(F)c3)CNCC1,1,Fc1ccc2c(C3CNCCC3F)c(-c3ccccc3)[nH]c2c1,4.389000000000002,312.363,2.0,1.0,2.0,4.0,27.82
hERG121,COCCCN1CCC(NC(c2c(c3c(N)c(Cl)c2)OCC3)=O)CC1,1,COCCCN1CCC(NC(=O)c2cc(Cl)c(N)c3c2OCC3)CC1,2.0877999999999997,367.8770000000003,6.0,5.0,2.0,3.0,76.82000000000001
hERG122,C1C(N(c2ccccc2)C3C1)CC(c4c(c5[nH]c4c6ccccc6)cccc5)C3,1,c1ccc(-c2[nH]c3ccccc3c2C2CC3CCC(C2)N3c2ccccc2)cc1,6.749900000000006,378.51900000000006,3.0,1.0,1.0,6.0,19.03
hERG123,CN1CCC(CC(Nc2nc(c3ccc(C)o3)nc(n4c(C)ccn4)c2)=O)CC1,1,Cc1ccc(-c2nc(NC(=O)CC3CCN(C)CC3)cc(-n3nccc3C)n2)o1,3.2095400000000014,394.4790000000001,5.0,7.0,1.0,4.0,89.08
hERG124,CC(C(Cl)(Cl)Cl)(O)C,1,CC(C)(O)C(Cl)(Cl)Cl,2.127500000000001,177.458,0.0,1.0,1.0,0.0,20.23
hERG125,Clc1cc(c2cc1)CCc(c3C2=C4CCNCC4)cccn3,1,Clc1ccc2c(c1)CCc1cccnc1C2=C1CCNCC1,4.018900000000002,310.8280000000001,0.0,2.0,1.0,4.0,24.92
hERG126,COc1c(N2CC(O)CC2)ccc(N3C(=O)c(c4N=C3)sc(c5ccc(Cl)cc5)c4)c1,1,COc1cc(-n2cnc3cc(-c4ccc(Cl)cc4)sc3c2=O)ccc1N1CCC(O)C1,4.347200000000004,453.95100000000025,4.0,7.0,1.0,5.0,67.59
hERG127,CC(c1c(c2n(c3ccc(F)cc3)c1)cc(Cl)cc2)O,1,CC(O)c1cn(-c2ccc(F)cc2)c2ccc(Cl)cc12,4.476300000000002,289.737,2.0,2.0,1.0,3.0,25.16
hERG128,CN1C(=O)c(c2N(C)C1=O)n(C)cn2,1,Cn1c(=O)c2c(ncn2C)n(C)c1=O,-1.0293,194.194,0.0,6.0,0.0,2.0,61.82
hERG129,C1CC(c2c(c3[nH]c2c4ccccc4)cccc3)CNC1,1,c1ccc(-c2[nH]c3ccccc3c2C2CCCNC2)cc1,4.3019000000000025,276.3829999999999,2.0,1.0,2.0,4.0,27.82
hERG130,O=C(C(Oc(c1C2=O)cc(C#N)cc1)=C2)NC3CCN(Cc4cc(c5cc4)OCO5)CC3,1,N#Cc1ccc2c(=O)cc(C(=O)NC3CCN(Cc4ccc5c(c4)OCO5)CC3)oc2c1,2.7877800000000006,431.4480000000002,4.0,7.0,1.0,5.0,104.8
hERG131,Clc1cc(c2cc1)C(N3CCNCC3)=Nc(c4O2)cccc4,1,Clc1ccc2c(c1)C(N1CCNCC1)=Nc1ccccc1O2,3.4292000000000025,313.788,0.0,4.0,1.0,4.0,36.86
hERG132,COc1cc(c2cc1)C3(C4C(N(C)CC3)C2)CCCC4,1,COc1ccc2c(c1)C13CCCCC1C(C2)N(C)CC3,3.3834000000000026,271.404,1.0,2.0,0.0,4.0,12.47
hERG133,COC1C(NC(c2c(OC)cc(N)c(Cl)c2)=O)CCN(CCCOc3ccc(F)cc3)C1,1,COc1cc(N)c(Cl)cc1C(=O)NC1CCN(CCCOc2ccc(F)cc2)CC1OC,3.358100000000002,465.9530000000003,9.0,6.0,2.0,3.0,86.05
hERG134,COCCOCC#Cc1scc(c2c(c3[nH]n2)C(=O)c(c34)cc(CN5CCN(C)CC5)cc4)c1,1,COCCOCC#Cc1cc(-c2n[nH]c3c2C(=O)c2cc(CN4CCN(C)CC4)ccc2-3)cs1,3.1115000000000013,476.6020000000003,7.0,7.0,1.0,5.0,70.69
hERG135,COc1ccc(CN2CCC(NC(C(Oc(c3C4=O)cc(F)cc3)=C4)=O)CC2)cc1,1,COc1ccc(CN2CCC(NC(=O)c3cc(=O)c4ccc(F)cc4o3)CC2)cc1,3.3351000000000024,410.44500000000016,5.0,5.0,1.0,4.0,71.78
hERG136,CCN(CCNC(c1c(OC)cc(N)c(Cl)c1)=O)CC,1,CCN(CC)CCNC(=O)c1cc(Cl)c(N)cc1OC,2.0023999999999997,299.8020000000001,7.0,4.0,2.0,1.0,67.59
hERG137,FC1C(c2c(c3[nH]c2C4CCCCCC4)ccc(F)c3)CNCC1,1,Fc1ccc2c(C3CNCCC3F)c(C3CCCCCC3)[nH]c2c1,5.159800000000004,332.43800000000005,2.0,1.0,2.0,4.0,27.82
hERG138,CN(CCC=C1c(c2CCc(c13)cccc3)cccc2)C,1,CN(C)CCC=C1c2ccccc2CCc2ccccc21,4.168600000000003,277.411,3.0,1.0,0.0,3.0,3.24
hERG139,CCCCNCC(c1c(c2cc(Cl)c1)c(c3C2=Cc4ccc(Cl)cc4)ccc(Cl)c3)O,1,CCCCNCC(O)c1cc(Cl)cc2c1-c1ccc(Cl)cc1C2=Cc1ccc(Cl)cc1,7.639200000000006,472.8430000000001,7.0,2.0,2.0,4.0,32.26
hERG140,NC(C(N1C(c2cc(O)ccc2)C=C(c3c(F)ccc(F)c3)C1)=O)C4CC4,1,NC(C(=O)N1CC(c2cc(F)ccc2F)=CC1c1cccc(O)c1)C1CC1,3.374600000000002,370.3990000000001,4.0,3.0,2.0,4.0,66.56
hERG141,Fc1cc(c2cc1)OC(C(NC3CCN(Cc4cc(c5cc4)OC(F)(F)O5)CC3)=O)=CC2=O,1,O=C(NC1CCN(Cc2ccc3c(c2)OC(F)(F)O3)CC1)c1cc(=O)c2ccc(F)cc2o1,3.6480000000000024,460.4080000000003,4.0,6.0,1.0,5.0,81.01
hERG142,C1NCCC(c2c(c3[nH]c2c4ccccc4)cccc3)C1,1,c1ccc(-c2[nH]c3ccccc3c2C2CCNCC2)cc1,4.3019000000000025,276.3829999999999,2.0,1.0,2.0,4.0,27.82
hERG143,OCCOCCN1CCN(C(c(c2Sc(c34)cccc3)cccc2)=N4)CC1,1,OCCOCCN1CCN(C2=Nc3ccccc3Sc3ccccc32)CC1,2.8560000000000016,383.51700000000017,5.0,6.0,1.0,4.0,48.300000000000004
hERG144,OC1(c2ccc(Cl)cc2)CCN(CCCC(c3ccc(F)cc3)=O)CC1,1,O=C(CCCN1CCC(O)(c2ccc(Cl)cc2)CC1)c1ccc(F)cc1,4.425600000000004,375.87100000000015,6.0,3.0,1.0,3.0,40.540000000000006
hERG145,Clc1cc(C(N2C(=O)C(NCc3n(Cc4ccc(C#N)cc4)cnc3)CC2)=O)ccc1,1,N#Cc1ccc(Cn2cncc2CNC2CCN(C(=O)c3cccc(Cl)c3)C2=O)cc1,2.9873800000000017,433.89900000000006,6.0,6.0,1.0,4.0,91.02000000000001
hERG146,O=C(C(C1)=C2C(=N1)C=CC=C2)OC3CC(N4C5C3)CC(C(=O)C4)C5,1,O=C(OC1CC2CC3CC(C1)N2CC3=O)C1=c2ccccc2=NC1,0.20799999999999974,324.38000000000005,2.0,5.0,0.0,6.0,58.97
hERG147,Oc1cc(c2c(O)c1)OC(c3cc(O)c(O)c(O)c3)C(OC(c4cc(O)c(O)c(O)c4)=O)C2,1,O=C(OC1Cc2c(O)cc(O)cc2OC1c1cc(O)c(O)c(O)c1)c1cc(O)c(O)c(O)c1,2.233199999999999,458.37500000000017,3.0,11.0,8.0,4.0,197.36999999999998
hERG148,Brc1cc(C(N2C(=O)C(NCc3n(Cc4ccc(C#N)cc4)cnc3)CC2)=O)cnc1,1,N#Cc1ccc(Cn2cncc2CNC2CCN(C(=O)c3cncc(Br)c3)C2=O)cc1,2.49148,479.3380000000001,6.0,7.0,1.0,4.0,103.91
hERG149,Clc1c(Cl)cc(c2c1)C(=O)C=C(C(NC3CCN(Cc4cc(c5cc4)OCO5)CC3)=O)O2,1,O=C(NC1CCN(Cc2ccc3c(c2)OCO3)CC1)c1cc(=O)c2cc(Cl)c(Cl)cc2o1,4.222900000000004,475.32800000000026,4.0,6.0,1.0,5.0,81.01
hERG150,CNCCC(c1ccccc1)Oc2c(C)cccc2,1,CNCCC(Oc1ccccc1C)c1ccccc1,3.7246200000000034,255.361,6.0,2.0,1.0,2.0,21.259999999999998
hERG151,CN(CCC=C1c(c2OCc(c13)cccc3)cccc2)C,1,CN(C)CCC=C1c2ccccc2COc2ccccc21,3.9624000000000033,279.383,3.0,2.0,0.0,3.0,12.47
hERG152,CN(C(N1C(c2cc(O)ccc2)C=C(c3c(F)ccc(F)c3)C1)=O)C4CCNCC4,1,CN(C(=O)N1CC(c2cc(F)ccc2F)=CC1c1cccc(O)c1)C1CCNCC1,3.914500000000003,413.4680000000002,3.0,3.0,2.0,4.0,55.81
hERG153,CCS(CNC1c(c2OC(C)(C)C1O)cc(CN)cc2)(=O)=O,1,CCS(=O)(=O)CNC1c2cc(CN)ccc2OC(C)(C)C1O,0.7001,328.4340000000001,5.0,6.0,3.0,2.0,101.65
hERG154,COc1c(OC)cc(CCN(CCCNC(C(=O)NN=C2)=C2Cl)C)cc1,1,COc1ccc(CCN(C)CCCNc2c(Cl)cn[nH]c2=O)cc1OC,2.417,380.8760000000001,10.0,6.0,2.0,2.0,79.48
hERG155,CCN=C(c1cc(OC)c(OC)cc1)N2c(c3CCC2)ccc(C(C(C)SC(=O)N4)=N4)c3,1,CCN=C(c1ccc(OC)c(OC)c1)N1CCCc2cc(C3=NNC(=O)SC3C)ccc21,4.472100000000004,452.5800000000001,5.0,6.0,1.0,4.0,75.52000000000001
hERG156,O=C(C(Oc(c1C2=O)cccc1)=C2)NC3CCN(Cc4cc(c5cc4)OCO5)CC3,1,O=C(NC1CCN(Cc2ccc3c(c2)OCO3)CC1)c1cc(=O)c2ccccc2o1,2.916100000000001,406.4380000000002,4.0,6.0,1.0,5.0,81.01
hERG157,CN1C(c2c(c3[nH]c2c4ccccc4)cccc3)CCCC1,1,CN1CCCCC1c1c(-c2ccccc2)[nH]c2ccccc12,4.991700000000004,290.4100000000001,2.0,1.0,1.0,4.0,19.03
hERG158,FC1C(c2c(c3[nH]c2c4ccccc4)cc(F)cc3)CNCC1,1,Fc1ccc2[nH]c(-c3ccccc3)c(C3CNCCC3F)c2c1,4.389000000000003,312.363,2.0,1.0,2.0,4.0,27.82
hERG159,FC1C(c2c(c3[nH]c2c4ccccc4)cc(Cl)cc3)CNCC1,1,FC1CCNCC1c1c(-c2ccccc2)[nH]c2ccc(Cl)cc12,4.903300000000003,328.81800000000004,2.0,1.0,2.0,4.0,27.82
hERG160,COC(C1C(N(C)C2CC1OC(c3ccccc3)=O)CC2)=O,1,COC(=O)C1C(OC(=O)c2ccccc2)CC2CCC1N2C,1.8677,303.35800000000006,3.0,5.0,0.0,3.0,55.84
hERG161,O=C1N(Cc2ccccc2)CCC1NCc3n(Cc4ccc(C#N)cc4)cnc3,1,N#Cc1ccc(Cn2cncc2CNC2CCN(Cc3ccccc3)C2=O)cc1,2.693780000000001,385.47100000000006,7.0,5.0,1.0,4.0,73.95
hERG162,CC(N(C(C)C)CCC(c1ncccc1)(c2ccccc2)C(N)=O)C,1,CC(C)N(CCC(C(N)=O)(c1ccccc1)c1ccccn1)C(C)C,3.361900000000002,339.4830000000001,8.0,3.0,1.0,2.0,59.22
hERG164,COc1c(OC)cc(Cc2c(c3ccn2)cc(OC)c(OC)c3)cc1,1,COc1ccc(Cc2nccc3cc(OC)c(OC)cc23)cc1OC,3.860000000000003,339.3910000000001,6.0,5.0,0.0,3.0,49.81
hERG165,CCc1cc(c2cc1)OC(C(NC3CCN(Cc4cc(c5cc4)OCO5)CC3)=O)=CC2=O,1,CCc1ccc2c(=O)cc(C(=O)NC3CCN(Cc4ccc5c(c4)OCO5)CC3)oc2c1,3.478500000000002,434.49200000000025,5.0,6.0,1.0,5.0,81.01
hERG166,COc1ccc(CC2c(c3CCN2C)cc(Oc4c(O)ccc(CC5c(c6CCN5C)cc(OC)c(OC)c6)c4)c(OC)c3)cc1,1,COc1ccc(CC2c3cc(Oc4cc(CC5c6cc(OC)c(OC)cc6CCN5C)ccc4O)c(OC)cc3CCN2C)cc1,6.762300000000009,624.7780000000001,10.0,8.0,1.0,6.0,72.86
hERG167,COC1(C(C(C(C)(C)C)(O)C)C2)CCC2(C3(c(c4c(O)cc5)c5C6)C1O4)C6N(CC7CC7)CC3,1,COC12CCC3(CC1C(C)(O)C(C)(C)C)C1Cc4ccc(O)c5c4C3(CCN1CC1CC1)C2O5,4.413800000000004,467.6500000000003,4.0,5.0,2.0,8.0,62.16
hERG168,CCCCc1n(Cc2ccc(c3c(c4n[nH]nn4)cccc3)cc2)c(CO)c(Cl)n1,1,CCCCc1nc(Cl)c(CO)n1Cc1ccc(-c2ccccc2-c2nn[nH]n2)cc1,4.2668000000000035,422.9200000000001,8.0,6.0,2.0,4.0,92.51
hERG169,CCOc1c(C(NCC2OCCN(Cc3ccc(F)cc3)C2)=O)cc(Cl)c(N)c1,1,CCOc1cc(N)c(Cl)cc1C(=O)NCC1CN(Cc2ccc(F)cc2)CCO1,3.0908000000000015,421.9000000000002,7.0,5.0,2.0,3.0,76.82
hERG170,CC(C(N1C(c2cc(O)ccc2)C=C(c3c(F)ccc(F)c3)C1)=O)(C)C,1,CC(C)(C)C(=O)N1CC(c2cc(F)ccc2F)=CC1c1cccc(O)c1,4.683400000000005,357.40000000000003,2.0,2.0,1.0,3.0,40.540000000000006
hERG171,CC(C(C(N1C(c2cc(O)ccc2)C=C(c3c(F)ccc(F)c3)C1)=O)O)(C)C,1,CC(C)(C)C(O)C(=O)N1CC(c2cc(F)ccc2F)=CC1c1cccc(O)c1,4.044300000000003,387.42600000000004,3.0,3.0,2.0,3.0,60.769999999999996
hERG172,C(C1NCCCC1)C(C2CCCCC2)C3CCCCC3,1,C1CCC(C(CC2CCCCN2)C2CCCCC2)CC1,5.295400000000005,277.496,4.0,1.0,1.0,3.0,12.03
hERG173,CSc1c(C(N2C(=O)C(NCc3n(Cc4ccc(C#N)cc4)cnc3)CC2)=O)cccn1,1,CSc1ncccc1C(=O)N1CCC(NCc2cncn2Cc2ccc(C#N)cc2)C1=O,2.4508800000000006,446.5360000000002,7.0,8.0,1.0,4.0,103.91
hERG174,OC(c1ccc(Cl)cc1)CN2CCC(Cc3ccc(F)cc3)CC2,1,OC(CN1CCC(Cc2ccc(F)cc2)CC1)c1ccc(Cl)cc1,4.4672000000000045,347.861,5.0,2.0,1.0,3.0,23.47
hERG175,CNC1c(c2C(c3cc(Cl)c(Cl)cc3)CC1)cccc2,1,CNC1CCC(c2ccc(Cl)c(Cl)c2)c2ccccc21,5.179600000000004,306.236,2.0,1.0,1.0,3.0,12.03
hERG176,CCN(Cc1cc(c2cc1)CCC(N3C(=O)CN(CCc4ccc(F)cc4)CC3)C2)CC,1,CCN(CC)Cc1ccc2c(c1)CCC(N1CCN(CCc3ccc(F)cc3)CC1=O)C2,3.9117000000000033,437.60300000000024,8.0,3.0,0.0,4.0,26.79
hERG177,CCCCN(CC(c1c(c2cc(Cl)c1)c(c3C2=Cc4ccc(Cl)cc4)ccc(Cl)c3)O)CCCC,1,CCCCN(CCCC)CC(O)c1cc(Cl)cc2c1-c1ccc(Cl)cc1C2=Cc1ccc(Cl)cc1,9.151699999999998,528.9510000000001,10.0,2.0,1.0,4.0,23.47
hERG178,O=C1N(c2c(c3ccc2)cccn3)CCC1NCc4n(Cc5ccc(C#N)cc5)cnc4,1,N#Cc1ccc(Cn2cncc2CNC2CCN(c3cccc4ncccc34)C2=O)cc1,3.246380000000002,422.4920000000001,6.0,6.0,1.0,5.0,86.84
hERG179,COC(c1c(C2C(F)CCNC2)c(c3[nH]1)ccc(F)c3)=O,1,COC(=O)c1[nH]c2cc(F)ccc2c1C1CNCCC1F,2.5086000000000004,294.301,2.0,3.0,2.0,3.0,54.120000000000005
hERG180,CC(C(C(N1C(c2cc(O)ccc2)C=C(c3c(F)ccc(F)c3)C1)=O)N)C,1,CC(C)C(N)C(=O)N1CC(c2cc(F)ccc2F)=CC1c1cccc(O)c1,3.6206000000000023,372.415,4.0,3.0,2.0,3.0,66.56
hERG181,COc1c(F)cc(CN2CCC(NC(C(Oc(c3C4=O)cc(F)cc3)=C4)=O)CC2)cc1,1,COc1ccc(CN2CCC(NC(=O)c3cc(=O)c4ccc(F)cc4o3)CC2)cc1F,3.4742000000000015,428.4350000000002,5.0,5.0,1.0,4.0,71.78
hERG182,FC(CN1c(c2C(c3ccccc3)=NC(NC(Cc4c(C(F)(F)F)cc(C(F)(F)F)cc4)=O)C1=O)cccc2)(F)F,1,O=C(Cc1ccc(C(F)(F)F)cc1C(F)(F)F)NC1N=C(c2ccccc2)c2ccccc2N(CC(F)(F)F)C1=O,6.155500000000004,587.4420000000002,5.0,3.0,1.0,4.0,61.77
hERG183,CS(Nc1cc(c2cc1)C(O)CC3(CCN(C4Cc(c5CC4)ccc(C#N)c5)CC3)O2)(=O)=O,1,CS(=O)(=O)Nc1ccc2c(c1)C(O)CC1(CCN(C3CCc4cc(C#N)ccc4C3)CC1)O2,3.137780000000002,467.59100000000035,3.0,6.0,2.0,5.0,102.66000000000001
hERG184,CC(NC(C(COc1c(c2c(C)cc1)CCC2)O)C)C,1,Cc1ccc(OCC(O)C(C)NC(C)C)c2c1CCC2,2.6099200000000007,277.4080000000001,6.0,3.0,2.0,2.0,41.49
hERG185,CN1CC(c2c(c3[nH]c2c4ccccc4)cccc3)CCC1,1,CN1CCCC(c2c(-c3ccccc3)[nH]c3ccccc23)C1,4.6441000000000034,290.4100000000001,2.0,1.0,1.0,4.0,19.03
hERG186,CCC(C(c1ccccc1)(c2ccccc2)CC(N(C)C)C)=O,1,CCC(=O)C(CC(C)N(C)C)(c1ccccc1)c1ccccc1,4.292000000000004,309.45300000000003,7.0,2.0,0.0,2.0,20.310000000000002
hERG187,Cc1ccc(c2n(c3ccc(S(N)(=O)=O)cc3)nc(C(F)(F)F)c2)cc1,1,Cc1ccc(-c2cc(C(F)(F)F)nn2-c2ccc(S(N)(=O)=O)cc2)cc1,3.5139200000000006,381.3790000000001,3.0,4.0,1.0,3.0,77.98
hERG188,NC(N)=Nc1scc(CSCCC(N)=NS(N)(=O)=O)n1,1,NC(N)=Nc1nc(CSCCC(N)=NS(N)(=O)=O)cs1,-0.7679999999999998,337.456,7.0,6.0,4.0,1.0,175.82999999999998
hERG189,CN(S(C)(=O)=O)C1c(c2OC(C)(C)C1O)cc(OCCCC(F)(F)F)cc2,1,CN(C1c2cc(OCCCC(F)(F)F)ccc2OC(C)(C)C1O)S(C)(=O)=O,2.872300000000001,411.4420000000001,6.0,5.0,1.0,2.0,76.07000000000001
hERG190,CC(C(O)=O)(CN1CCC(=C2c(c3OCc(c24)cc(F)cc4)cccc3)CC1)C,1,CC(C)(CN1CCC(=C2c3ccc(F)cc3COc3ccccc32)CC1)C(=O)O,4.726600000000004,395.47400000000016,3.0,3.0,1.0,4.0,49.769999999999996
hERG191,CC(CN1c(c2C(=O)N(C)C1=O)nc[nH]2)C,1,CC(C)Cn1c(=O)n(C)c(=O)c2[nH]cnc21,0.07929999999999976,222.248,2.0,5.0,1.0,2.0,72.68
hERG192,Fc1ccc(N2c(c3C(C4CCN(CCN5C(=O)NCC5)CC4)C2)cccc3)cc1,1,O=C1NCCN1CCN1CCC(C2CN(c3ccc(F)cc3)c3ccccc32)CC1,3.7982000000000022,408.5210000000002,5.0,3.0,1.0,5.0,38.82000000000001
hERG193,CC(COc1c(C)cccc1C)N,1,Cc1cccc(C)c1OCC(C)N,2.0294399999999997,179.26299999999998,3.0,2.0,1.0,1.0,35.25
hERG194,CN(C(Cc1ccc(CNS(C)(=O)=O)cc1)=O)C(c2ccccc2)CN3CC(O)CC3,1,CN(C(=O)Cc1ccc(CNS(C)(=O)=O)cc1)C(CN1CCC(O)C1)c1ccccc1,1.5446,445.5850000000002,9.0,5.0,2.0,3.0,89.95
hERG195,CCCOC(c1ccccc1)(c2ccccc2)C(OC3CCN(C)CC3)=O,1,CCCOC(C(=O)OC1CCN(C)CC1)(c1ccccc1)c1ccccc1,3.994200000000003,367.489,7.0,4.0,0.0,3.0,38.77
hERG196,CC(NCC(COc1c(c2ccc1)cccc2)O)C,1,CC(C)NCC(O)COc1cccc2ccccc12,2.5775000000000006,259.34900000000005,6.0,3.0,2.0,2.0,41.489999999999995
hERG197,Cc1c(C(N2C(=O)C(NCc3n(Cc4ccc(C#N)cc4)cnc3)CC2)=O)cccn1,1,Cc1ncccc1C(=O)N1CCC(NCc2cncn2Cc2ccc(C#N)cc2)C1=O,2.0374,414.46900000000016,6.0,7.0,1.0,4.0,103.91
hERG198,CN1CCN(CCCN(C(Nc2cc(Cl)c(F)cc2)=O)C3C(C4C(c5ccccc5)C3)C4)CC1,1,CN1CCN(CCCN(C(=O)Nc2ccc(F)c(Cl)c2)C2CC(c3ccccc3)C3CC32)CC1,5.142700000000005,485.04700000000025,7.0,3.0,1.0,5.0,38.82
hERG199,CN1CCN(CCCN(C(Nc2cc(Cl)c(F)cc2)=O)C3C(C4C(c5ccc(F)cc5)C3)C4)CC1,1,CN1CCN(CCCN(C(=O)Nc2ccc(F)c(Cl)c2)C2CC(c3ccc(F)cc3)C3CC32)CC1,5.281800000000005,503.03700000000026,7.0,3.0,1.0,5.0,38.82
hERG200,COc1cc(C2C(C3C(N(C(Nc4cc(Cl)c(F)cc4)=O)CCCN5CCN(C)CC5)C2)C3)ccc1,1,COc1cccc(C2CC(N(CCCN3CCN(C)CC3)C(=O)Nc3ccc(F)c(Cl)c3)C3CC23)c1,5.151300000000005,515.0730000000002,8.0,4.0,1.0,5.0,48.050000000000004
hERG201,CN(C(c1ccc(C(Nc2c(C(Nc3ncc(Cl)cc3)=O)cc(Sc4ccccc4)cc2)=O)cc1)=N)C,1,CN(C)C(=N)c1ccc(C(=O)Nc2ccc(Sc3ccccc3)cc2C(=O)Nc2ccc(Cl)cn2)cc1,6.277770000000004,530.0530000000002,7.0,5.0,3.0,4.0,98.18
hERG202,CN(C1CCN(C(c2ccc(C(Nc3c(C(Nc4ncc(Cl)cc4)=O)cc(Cl)cc3)=O)cc2)=N)CC1)C,1,CN(C)C1CCN(C(=N)c2ccc(C(=O)Nc3ccc(Cl)cc3C(=O)Nc3ccc(Cl)cn3)cc2)CC1,5.2443700000000035,539.4670000000001,6.0,5.0,3.0,4.0,101.42
hERG203,Cc1n(C2CC(N(CCC(c3ccccc3)NC(C4CCC4)=O)C5C2)COC5)c(c6n1)cccc6,1,Cc1nc2ccccc2n1C1CC2COCC(C1)N2CCC(NC(=O)C1CCC1)c1ccccc1,4.796720000000004,472.6330000000002,7.0,5.0,1.0,6.0,59.39
hERG204,CN(C(c1cc(N2CCCCC2)c(C(Nc3c(C(Nc4ncc(Cl)cc4)=O)cc(Cl)cc3)=O)cc1)=N)C,1,CN(C)C(=N)c1ccc(C(=O)Nc2ccc(Cl)cc2C(=O)Nc2ccc(Cl)cn2)c(N2CCCCC2)c1,5.770270000000005,539.4670000000002,6.0,5.0,3.0,4.0,101.42
hERG205,COc1cc(C(Nc2ncc(Cl)cc2)=O)c(NC(c3c(N4CCCCC4)cc(C(N(C)C)=N)cc3)=O)cc1,1,COc1ccc(NC(=O)c2ccc(C(=N)N(C)C)cc2N2CCCCC2)c(C(=O)Nc2ccc(Cl)cn2)c1,5.1254700000000035,535.0480000000003,7.0,6.0,3.0,4.0,110.64999999999999
hERG206,CN1C(c2ccc(C(N3C(CC(N4CCOCC4)=O)CN(S(c5sc(c6c5)cc(Cl)cc6)(=O)=O)CC3)=O)cc2)=NCC1,1,CN1CCN=C1c1ccc(C(=O)N2CCN(S(=O)(=O)c3cc4ccc(Cl)cc4s3)CC2CC(=O)N2CCOCC2)cc1,3.0109000000000012,630.192,6.0,8.0,0.0,6.0,102.83000000000001
hERG207,CCOC(C1N(Cc2ccc(C(N(C)C)=N)cc2)C(=O)CN(S(c3[nH]c(c4c3)ccc(Cl)c4)(=O)=O)C1)=O,1,CCOC(=O)C1CN(S(=O)(=O)c2cc3cc(Cl)ccc3[nH]2)CC(=O)N1Cc1ccc(C(=N)N(C)C)cc1,2.673070000000001,546.0490000000002,7.0,6.0,2.0,4.0,126.86999999999999
hERG208,Cc1nn(c2c(C#N)cc(c3c2)cccc3)c(C(Nc4ccc(C(N5CCCC5)=N)cc4)=O)c1,1,Cc1cc(C(=O)Nc2ccc(C(=N)N3CCCC3)cc2)n(-c2cc3ccccc3cc2C#N)n1,4.879070000000004,448.53000000000014,4.0,5.0,2.0,5.0,97.8
hERG209,CC(c1cc(C(N)=N)ccc1)=C(C(Nc2ccc(c3c(S(N)(=O)=O)cccc3)cc2)=O)F,1,CC(=C(F)C(=O)Nc1ccc(-c2ccccc2S(N)(=O)=O)cc1)c1cccc(C(=N)N)c1,3.62427,452.5110000000002,6.0,4.0,4.0,3.0,139.13
hERG210,Cc1n(C2CC(N(CCC(c3ccccc3)NC(C4CCC4)=O)C5C2)CC5)c(c6n1)cccc6,1,Cc1nc2ccccc2n1C1CC2CCC(C1)N2CCC(NC(=O)C1CCC1)c1ccccc1,5.560320000000006,456.6340000000002,7.0,4.0,1.0,6.0,50.160000000000004
hERG211,O=C(C1CCC1)NC(c2ccccc2)CCN3CCC(n4nc(Cc5ccccc5)nc4)CC3,1,O=C(NC(CCN1CCC(n2cnc(Cc3ccccc3)n2)CC1)c1ccccc1)C1CCC1,4.553500000000004,457.6220000000003,9.0,5.0,1.0,5.0,63.050000000000004
hERG212,O=C(C1CCC1)NC(c2ccccc2)CCN3CCC(N4N=C(Cc5ccccc5)OC4)CC3,1,O=C(NC(CCN1CCC(N2COC(Cc3ccccc3)=N2)CC1)c1ccccc1)C1CCC1,4.344400000000004,460.6220000000003,9.0,5.0,1.0,5.0,57.17
hERG213,Fc1ccc(Cn2c(c3nc2NC4CCNCC4)cccc3)cc1,1,Fc1ccc(Cn2c(NC3CCNCC3)nc3ccccc32)cc1,3.3876000000000017,324.403,4.0,4.0,2.0,4.0,41.88
hERG214,FC(c1cc(c2nc(C3CCC(CNS(c4ccccc4)(=O)=O)CC3)[nH]c2)ccc1)(F)F,1,O=S(=O)(NCC1CCC(c2nc(-c3cccc(C(F)(F)F)c3)c[nH]2)CC1)c1ccccc1,5.347800000000004,463.5250000000001,6.0,3.0,2.0,4.0,74.85
hERG215,CN(S(c1ccccc1)(=O)=O)CC2CCC(c3[nH]cc(c4cc(C(F)(F)F)ccc4)n3)CC2,1,CN(CC1CCC(c2nc(-c3cccc(C(F)(F)F)c3)c[nH]2)CC1)S(=O)(=O)c1ccccc1,5.690000000000005,477.5520000000002,6.0,3.0,1.0,4.0,66.06
hERG216,OCCNC(C1CCC(c2[nH]cc(c3cc(C(F)(F)F)ccc3)n2)CC1)=O,1,O=C(NCCO)C1CCC(c2nc(-c3cccc(C(F)(F)F)c3)c[nH]2)CC1,3.477800000000002,381.3980000000001,5.0,3.0,3.0,3.0,78.00999999999999
hERG217,CC(NC(C1CCC(c2[nH]cc(c3cc(Br)ccc3)n2)CC1)=O)=O,1,CC(=O)NC(=O)C1CCC(c2nc(-c3cccc(Br)c3)c[nH]2)CC1,3.7757000000000023,390.28100000000006,3.0,3.0,2.0,3.0,74.85
hERG218,Fc1ccc(C(c2ccc(F)cc2)N3CCN(CC=Cc4ccccc4)CC3)cc1,1,Fc1ccc(C(c2ccc(F)cc2)N2CCN(CC=Cc3ccccc3)CC2)cc1,5.3852000000000055,404.5040000000001,6.0,2.0,0.0,4.0,6.48
hERG219,Clc1ccc(C(n2c[n+](CC(c3c(Cl)cc(Cl)cc3)OCc4c(Cl)cc(Cl)cc4)cc2)c5ccc(Cl)cc5)cc1,1,Clc1ccc(C(c2ccc(Cl)cc2)n2cc[n+](CC(OCc3ccc(Cl)cc3Cl)c3ccc(Cl)cc3Cl)c2)cc1,10.29179999999999,652.2560000000002,9.0,2.0,0.0,5.0,18.04
hERG220,Fc1ccc(C(CCCN2CC=C([N+](C3=O)=C4C(=N3)C=CC=C4)CC2)=O)cc1,1,O=C(CCCN1CC=C([N+]2=c3ccccc3=NC2=O)CC1)c1ccc(F)cc1,2.3227,378.42700000000013,6.0,3.0,0.0,4.0,52.75
hERG221,CCOC(C(n1c(C(N2CCC3)C34CC)c(c(c15)cccc5)CC2)=C4)=O,1,CCOC(=O)C1=CC2(CC)CCCN3CCc4c(n1c1ccccc41)C32,4.148300000000003,350.462,3.0,4.0,0.0,5.0,34.47
hERG222,COC(c1ccc(n2c(c3c(C4CCN(CCN5C(=O)NCC5)CC4)c2)ccc(Cl)c3)cc1)=O,1,COC(=O)c1ccc(-n2cc(C3CCN(CCN4CCNC4=O)CC3)c3cc(Cl)ccc32)cc1,4.275100000000003,480.99600000000027,6.0,5.0,1.0,5.0,66.81
hERG223,COc1c(Cl)cc(CNc2c(c3c(N4CCC5(CC(O)C5)CC4)nn2)cc(C#N)cc3)cc1,1,COc1ccc(CNc2nnc(N3CCC4(CC3)CC(O)C4)c3ccc(C#N)cc23)cc1Cl,4.516880000000003,463.96900000000016,5.0,7.0,2.0,5.0,94.30000000000001
hERG224,CN1CCN(CCCN(C(Nc2cc(C(F)(F)F)c(F)cc2)=O)C3C(C4C(c5ccc(C#N)cc5)C3)C4)CC1,1,CN1CCN(CCCN(C(=O)Nc2ccc(F)c(C(F)(F)F)c2)C2CC(c3ccc(C#N)cc3)C3CC32)CC1,5.379780000000006,543.609,7.0,4.0,1.0,5.0,62.61
hERG225,Fc1ccc(C(c2ccc(F)cc2)CCCN3CCC4(C(=O)NCN4c5ccccc5)CC3)cc1,1,O=C1NCN(c2ccccc2)C12CCN(CCCC(c1ccc(F)cc1)c1ccc(F)cc1)CC2,5.305400000000005,475.58300000000014,7.0,3.0,1.0,5.0,35.580000000000005
hERG226,CCCCNCCC(c1c(c2c(c3c1)cc(Cl)cc3Cl)ccc(C(F)(F)F)c2)O,1,CCCCNCCC(O)c1cc2c(Cl)cc(Cl)cc2c2cc(C(F)(F)F)ccc12,7.1318000000000055,444.32400000000007,7.0,2.0,2.0,3.0,32.26
hERG227,NC(C(c1ccccc1)(c2ccccc2)C3CN(CCc4cc(c5cc4)CCO5)CC3)=O,1,NC(=O)C(c1ccccc1)(c1ccccc1)C1CCN(CCc2ccc3c(c2)CCO3)C1,3.957500000000003,426.5600000000003,7.0,3.0,1.0,5.0,55.56
hERG228,C1C(c2c(c3[nH]c2c4ccccc4)cccc3)CCN(c5ccccc5)C1,1,c1ccc(-c2[nH]c3ccccc3c2C2CCN(c3ccccc3)CC2)cc1,6.218900000000005,352.48100000000005,3.0,1.0,1.0,5.0,19.03
hERG229,Clc1cc2c(n(c3ccccc3)cc2C4CCN(CCN5C(=O)NCC5)CC4)cc1,1,O=C1NCCN1CCN1CCC(c2cn(-c3ccccc3)c3ccc(Cl)cc23)CC1,4.488500000000004,422.9600000000002,5.0,3.0,1.0,5.0,40.510000000000005
hERG230,CC(OC(N1CC(OC2CC1)CN(CC(COc3ccc(C#N)cc3)O)C2)=O)(C)C,1,CC(C)(C)OC(=O)N1CCC2CN(CC(O)COc3ccc(C#N)cc3)CC(C1)O2,2.0081799999999994,417.5060000000002,5.0,7.0,1.0,3.0,95.26
hERG231,CSc1cc(c2cc1)N(CCC3N(C)CCCC3)c(c4S2)cccc4,1,CSc1ccc2c(c1)N(CCC1CCCCN1C)c1ccccc1S2,5.885600000000005,370.587,4.0,4.0,0.0,4.0,6.48
hERG232,CC(N1CCC(Cc2ccccc2)CC1)C(c3ccc(O)cc3)O,1,CC(C(O)c1ccc(O)cc1)N1CCC(Cc2ccccc2)CC1,3.7688000000000033,325.45200000000006,5.0,3.0,2.0,3.0,43.7
hERG233,Fc1ccc(C(CCCN2CCC(N3c(c4NC3=O)cccc4)CC2)=O)cc1,1,O=C(CCCN1CCC(n2c(=O)[nH]c3ccccc32)CC1)c1ccc(F)cc1,3.7687000000000026,381.4510000000002,6.0,4.0,1.0,4.0,58.1
hERG235,Fc1ccc(C(C2CCN(CCN3C(=O)c(c4NC3=O)cccc4)CC2)=O)cc1,1,O=C(c1ccc(F)cc1)C1CCN(CCn2c(=O)[nH]c3ccccc3c2=O)CC1,2.423800000000001,395.43400000000014,5.0,5.0,1.0,4.0,75.17
hERG236,FC1C(c2c(c3[nH]c2c4c(c5ccc4)cccc5)ccc(F)c3)CNCC1,1,Fc1ccc2c(C3CNCCC3F)c(-c3cccc4ccccc34)[nH]c2c1,5.542200000000004,362.42300000000006,2.0,1.0,2.0,5.0,27.82
hERG237,Cc1ncn(c2cc(C(F)(F)F)cc(NC(c3cc(Nc4nc(c5cnccc5)ccn4)c(C)cc3)=O)c2)c1,1,Cc1cn(-c2cc(NC(=O)c3ccc(C)c(Nc4nccc(-c5cccnc5)n4)c3)cc(C(F)(F)F)c2)cn1,6.355840000000005,529.5260000000001,6.0,7.0,2.0,5.0,97.62
hERG238,CCCN1C2C(c(c(c3N=C4)C4C2)ccc3)CC(CSC)C1,1,CCCN1CC(CSC)CC2c3cccc4c3C(C=N4)CC21,4.436900000000004,314.49800000000005,4.0,3.0,0.0,4.0,15.6
hERG239,Clc1c(CCN2CCN(c3c(c4sn3)cccc4)CC2)cc(c5c1)CC(=O)N5,1,O=C1Cc2cc(CCN3CCN(c4nsc5ccccc45)CC3)c(Cl)cc2N1,3.809000000000002,412.9460000000002,4.0,5.0,1.0,5.0,48.470000000000006
hERG240,COC(Cc1ccc(n2c(c3c(C4CCN(CCN5C(=O)NCC5)CC4)c2)ccc(Cl)c3)cc1)=O,1,COC(=O)Cc1ccc(-n2cc(C3CCN(CCN4CCNC4=O)CC3)c3cc(Cl)ccc32)cc1,4.204000000000003,495.0230000000002,7.0,5.0,1.0,5.0,66.81
hERG241,Clc1cc2c(n(C3CCCCC3)cc2C4CCN(CCN5C(=O)NCC5)CC4)cc1,1,O=C1NCCN1CCN1CCC(c2cn(C3CCCCC3)c3ccc(Cl)cc23)CC1,5.004500000000005,429.0080000000003,5.0,3.0,1.0,5.0,40.510000000000005
hERG242,Fc1ccc(n2c(c3c(C4CCN(CCN5C(=S)NCC5)CC4)c2)cccc3)cc1,1,Fc1ccc(-n2cc(C3CCN(CCN4CCNC4=S)CC3)c3ccccc32)cc1,4.139100000000003,422.57300000000015,5.0,3.0,1.0,5.0,23.439999999999998
hERG243,CC(C(CCN1CCC(c2c(c3on2)ccc(F)c3)CC1)C(=O)[N+]4=C5C(O)CCC4)=N5,1,CC1=NC2=[N+](CCCC2O)C(=O)C1CCN1CCC(c2noc3cc(F)ccc23)CC1,2.719400000000001,427.50000000000017,4.0,6.0,1.0,5.0,81.94000000000001
hERG244,O=C1N(c2ccccc2)CCC1NCCc3n(Cc4ccc(C#N)cc4)cnc3,1,N#Cc1ccc(Cn2cncc2CCNC2CCN(c3ccccc3)C2=O)cc1,2.740680000000001,385.47100000000006,7.0,5.0,1.0,4.0,73.95
hERG245,ClC(C=CC(C1=N2)=[N+](C3CCN(CCC[N+](C4=O)=C5C(=N4)C=CC=C5)CC3)C2=O)=C1,1,O=C1N=c2ccccc2=[N+]1CCCN1CCC([N+]2=c3ccc(Cl)cc3=NC2=O)CC1,0.3833000000000002,423.90400000000005,5.0,3.0,0.0,5.0,68.12
hERG246,CC(C(CCN1CCC(c2c(c3on2)ccc(F)c3)CC1)C(=O)[N+]4=C5CCCC4)=N5,1,CC1=NC2=[N+](CCCC2)C(=O)C1CCN1CCC(c2noc3cc(F)ccc23)CC1,3.7486000000000033,411.50100000000015,4.0,5.0,0.0,5.0,61.71
hERG247,CCN(CCOc1ccc(C(c2ccccc2)=C(c3ccccc3)Cl)cc1)CC,1,CCN(CC)CCOc1ccc(C(=C(Cl)c2ccccc2)c2ccccc2)cc1,6.562600000000006,405.96900000000005,9.0,2.0,0.0,3.0,12.47
hERG248,CN1CCN(C(c(c2Nc(c34)cccc3)cc(C)s2)=N4)CC1,1,Cc1cc2c(s1)Nc1ccccc1N=C2N1CCN(C)CC1,3.4392200000000033,312.4420000000001,0.0,5.0,1.0,4.0,30.870000000000005
hERG249,CCOc1c(C(NCCCN2CCOCC2)=O)cccc1,1,CCOc1ccccc1C(=O)NCCCN1CCOCC1,1.5373999999999999,292.379,7.0,4.0,1.0,2.0,50.8
hERG250,CC(NCC(COc1c(C#N)c(Cl)ccc1)O)(Cc2cc(c3cc2)cccc3)C,1,CC(C)(Cc1ccc2ccccc2c1)NCC(O)COc1cccc(Cl)c1C#N,4.715480000000005,408.92900000000014,8.0,4.0,2.0,3.0,65.28
hERG251,CCCCN(C1C(=O)N(Cc2ccccc2)CC1)Cc3n(Cc4ccc(C#N)cc4)cnc3,1,CCCCN(Cc1cncn1Cc1ccc(C#N)cc1)C1CCN(Cc2ccccc2)C1=O,4.206280000000004,441.57900000000024,10.0,5.0,0.0,4.0,65.16
hERG252,Clc1cc(CN2C(=O)C(N(Cc3n(Cc4ccc(C#N)cc4)cnc3)CCN5CCOCC5)CC2)ccc1,1,N#Cc1ccc(Cn2cncc2CN(CCN2CCOCC2)C2CCN(Cc3cccc(Cl)c3)C2=O)cc1,3.3917800000000016,533.0760000000004,10.0,7.0,0.0,5.0,77.63000000000001
hERG253,Fc1ccc(n2c(c3c(C4CCN(CCN5C(=O)NCC5)CC4)c2)cccc3)cc1,1,O=C1NCCN1CCN1CCC(c2cn(-c3ccc(F)cc3)c3ccccc23)CC1,3.9742000000000033,406.50500000000017,5.0,3.0,1.0,5.0,40.510000000000005
hERG254,Fc1ccc(N2CCN(CCCN3S(=O)(=O)c(c(c4ccc5)c35)ccc4)CC2)cc1,1,O=S1(=O)c2cccc3cccc(c23)N1CCCN1CCN(c2ccc(F)cc2)CC1,3.699900000000003,425.52900000000017,5.0,4.0,0.0,5.0,43.86000000000001
hERG255,Fc1ccc(n2c(c3c(C4CCNCC4)c2)ccc(Cl)c3)cc1,1,Fc1ccc(-n2cc(C3CCNCC3)c3cc(Cl)ccc32)cc1,4.890000000000003,328.81800000000004,2.0,2.0,1.0,4.0,16.96
hERG256,CN(c1n(C)c(c2n1)cccc2)CCN(S(c3ccc(NS(C)(=O)=O)cc3)(=O)=O)C,1,CN(CCN(C)S(=O)(=O)c1ccc(NS(C)(=O)=O)cc1)c1nc2ccccc2n1C,1.7016999999999998,451.5740000000002,8.0,7.0,1.0,3.0,104.60999999999999
hERG257,COc1c(Nc2c(c3nc(c24)cccc4)cccc3)ccc(NS(C)(=O)=O)c1,1,COc1cc(NS(C)(=O)=O)ccc1Nc1c2ccccc2nc2ccccc12,4.511700000000003,393.46800000000013,5.0,5.0,2.0,4.0,80.32
hERG258,COc1c(OC)cc(C2CCN(CCC3c(c4OCC3)cccc4)CC2)cc1,1,COc1ccc(C2CCN(CCC3CCOc4ccccc43)CC2)cc1OC,4.839600000000005,381.51600000000013,6.0,4.0,0.0,4.0,30.930000000000003
hERG259,CN1CCN(C(c(c2Nc(c34)ccc(Cl)c3)cccc2)=N4)CC1,1,CN1CCN(C2=Nc3cc(Cl)ccc3Nc3ccccc32)CC1,3.7227000000000023,326.83100000000013,0.0,4.0,1.0,4.0,30.869999999999997
hERG260,O=C(N1C(c2ccccc2)c(c3CC1)cccc3)OC4C(CCN5C4)CC5,1,O=C(OC1CN2CCC1CC2)N1CCc2ccccc2C1c1ccccc1,3.864900000000003,362.47300000000007,2.0,3.0,0.0,6.0,32.78
hERG261,CCN(CCNC(c1c(C)c(C=C2c(c3NC2=O)cc(F)cc3)[nH]c1C)=O)CC,1,CCN(CC)CCNC(=O)c1c(C)[nH]c(C=C2C(=O)Nc3ccc(F)cc32)c1C,3.3349400000000013,398.48200000000014,7.0,3.0,3.0,3.0,77.23
hERG262,CN1CCN(CC(Nc2nc(c3ccc(C)o3)nc(n4c(C)ccn4)c2)=O)CCC1,1,Cc1ccc(-c2nc(NC(=O)CN3CCCN(C)CC3)cc(-n3nccc3C)n2)o1,2.1151399999999994,409.49400000000014,5.0,8.0,1.0,4.0,92.32000000000001
hERG263,C(c1ccccc1)N2CC(c3c(c4[nH]c3c5ccccc5)cccc4)CCC2,1,c1ccc(CN2CCCC(c3c(-c4ccccc4)[nH]c4ccccc34)C2)cc1,6.2145000000000055,366.50800000000015,4.0,1.0,1.0,5.0,19.03
hERG264,Fc1ccc(C(c2ccc(F)cc2)OCCN3CCN(CCCc4ccccc4)CC3)cc1,1,Fc1ccc(C(OCCN2CCN(CCCc3ccccc3)CC2)c2ccc(F)cc2)cc1,5.3212000000000055,450.5730000000001,10.0,3.0,0.0,4.0,15.71
hERG265,OC(C1Oc(c2CC1)ccc(F)c2)CNCC(C3Oc(c4CC3)ccc(F)c4)O,1,OC(CNCC(O)C1CCc2cc(F)ccc2O1)C1CCc2cc(F)ccc2O1,2.363600000000001,405.44100000000014,6.0,5.0,3.0,4.0,70.95
hERG266,CC(c1ccc(C(CCCN2CCC(OC(c3ccccc3)c4ccccc4)CC2)=O)cc1)(C)C,1,CC(C)(C)c1ccc(C(=O)CCCN2CCC(OC(c3ccccc3)c3ccccc3)CC2)cc1,7.217600000000008,469.6690000000001,9.0,3.0,0.0,4.0,29.540000000000003
hERG267,CS(Nc1cc(c2cc1)C(=O)CC3(CCN(C4Cc(c5CC4)ccc(C#N)c5)CC3)O2)(=O)=O,1,CS(=O)(=O)Nc1ccc2c(c1)C(=O)CC1(CCN(C3CCc4cc(C#N)ccc4C3)CC1)O2,3.2870800000000022,465.57500000000033,3.0,6.0,1.0,5.0,99.50000000000001
hERG268,Fc1ccc(Cn2c(c3nc2N4CCC(CNC(NC(=O)C=C5)=N5)CC4)cccc3)cc1,1,O=c1ccnc(NCC2CCN(c3nc4ccccc4n3Cc3ccc(F)cc3)CC2)[nH]1,3.635500000000002,432.5030000000002,6.0,6.0,2.0,5.0,78.84
hERG269,O=C1N(CCCN2CCN(C(c3ccccc3)c4ccccc4)CC2)c(c5N1)cccc5,1,O=c1[nH]c2ccccc2n1CCCN1CCN(C(c2ccccc2)c2ccccc2)CC1,4.126900000000004,426.5640000000001,7.0,4.0,1.0,5.0,44.27
hERG270,CN(CCC(c1ncccc1)c2ccc(Cl)cc2)C,1,CN(C)CCC(c1ccc(Cl)cc1)c1ccccn1,3.8186000000000027,274.795,5.0,2.0,0.0,2.0,16.130000000000003
hERG271,Clc1cc(CN2C(=O)C(NCc3n(Cc4ccc(C#N)cc4)cnc3)CC2)ccc1,1,N#Cc1ccc(Cn2cncc2CNC2CCN(Cc3cccc(Cl)c3)C2=O)cc1,3.3471800000000016,419.9160000000001,7.0,5.0,1.0,4.0,73.95
hERG272,CS(Nc1cc(c2cc1)C(=O)CC3(CCN(CCc4cc(c5cc4)non5)CC3)O2)(=O)=O,1,CS(=O)(=O)Nc1ccc2c(c1)C(=O)CC1(CCN(CCc3ccc4nonc4c3)CC1)O2,2.636800000000001,456.5240000000003,5.0,8.0,1.0,5.0,114.63000000000001
hERG273,CC(c1ccc(C(CCCN2CCC(C(c3ccccc3)(c4ccccc4)O)CC2)O)cc1)(O)C,1,CC(C)(O)c1ccc(C(O)CCCN2CCC(C(O)(c3ccccc3)c3ccccc3)CC2)cc1,5.3757000000000055,473.6570000000001,9.0,4.0,3.0,4.0,63.93000000000001
hERG275,NCCCN(C1C(=O)N(Cc2cc(Cl)ccc2)CC1)Cc3n(Cc4ccc(C#N)cc4)cnc3,1,N#Cc1ccc(Cn2cncc2CN(CCCN)C2CCN(Cc3cccc(Cl)c3)C2=O)cc1,3.408380000000002,477.0120000000002,10.0,6.0,1.0,4.0,91.18
hERG276,NC(OCC1C(C2(N3C(=N)N1)C(O)(O)CC3)NC(=N)N2)=O,1,N=C1NC2C(COC(N)=O)NC(=N)N3CCC(O)(O)C23N1,-3.4326599999999976,299.291,2.0,6.0,8.0,3.0,179.80999999999997
hERG277,FC1C(c2c(c3[nH]c2c4cc(c5cc4)cccc5)ccc(F)c3)CNCC1,1,Fc1ccc2c(C3CNCCC3F)c(-c3ccc4ccccc4c3)[nH]c2c1,5.542200000000004,362.423,2.0,1.0,2.0,5.0,27.82
hERG278,COc1c(OCCNCC(COc2c(c3ccc2)c(c4[nH]3)cccc4)O)cccc1,1,COc1ccccc1OCCNCC(O)COc1cccc2[nH]c3ccccc3c12,3.738000000000002,406.482,10.0,5.0,3.0,4.0,75.74000000000001
hERG279,C(N1CC(c2c(c3[nH]c2c4ccccc4)cccc3)CCC1)Cc5ccccc5,1,c1ccc(CCN2CCCC(c3c(-c4ccccc4)[nH]c4ccccc34)C2)cc1,6.257000000000006,380.53500000000014,5.0,1.0,1.0,5.0,19.03
hERG280,CC(COCC(N1CCCC1)CN(c2ccccc2)Cc3ccccc3)C,1,CC(C)COCC(CN(Cc1ccccc1)c1ccccc1)N1CCCC1,4.830200000000005,366.5490000000002,10.0,3.0,0.0,3.0,15.71
hERG281,CN1C(CCN2c(c3Sc(c24)cccc4)cc(S(C)=O)cc3)CCCC1,1,CN1CCCCC1CCN1c2ccccc2Sc2ccc([S+](C)[O-])cc21,4.901100000000005,386.5860000000001,4.0,4.0,0.0,4.0,29.54
hERG282,CN(C1CC2)C2CC(OC(C(c3ccccc3)CO)=O)C1,1,CN1C2CCC1CC(OC(=O)C(CO)c1ccccc1)C2,1.9308999999999996,289.37500000000006,4.0,4.0,1.0,3.0,49.769999999999996
hERG283,N#CC(Cl)Cl,0,N#CC(Cl)Cl,1.31368,109.94300000000001,0.0,1.0,0.0,0.0,23.79
hERG284,Cc1c(C(=O)N)cccc1,0,Cc1ccccc1C(N)=O,1.09392,135.166,1.0,1.0,1.0,1.0,43.09
hERG285,O=C(c1c(O)cc(O)cc1O)CCc2ccc(O)cc2,0,O=C(CCc1ccc(O)cc1)c1c(O)cc(O)cc1O,2.324500000000001,274.272,4.0,5.0,4.0,2.0,97.99000000000001
hERG286,O=C1c(c2C(c3ccc(O)cc3)(c4ccc(O)cc4)O1)cccc2,0,O=C1OC(c2ccc(O)cc2)(c2ccc(O)cc2)c2ccccc21,3.560100000000002,318.32800000000003,2.0,4.0,2.0,4.0,66.76
hERG287,N=C(Nc1ccccc1)NC(c2c(N)nc(N)c(Cl)n2)=O,0,N=C(NC(=O)c1nc(Cl)c(N)nc1N)Nc1ccccc1,1.0710699999999995,305.72900000000004,2.0,6.0,5.0,2.0,142.8
hERG288,CC=C(C(OC1C(OC(CCCCCCC)=O)C2C(C3C(C(O)(C)C(=O)O3)(O)C(OC(CCC)=O)CC2(OC(=O)C)C)=C1C)=O)C,0,CC=C(C)C(=O)OC1C(C)=C2C(C1OC(=O)CCCCCCC)C(C)(OC(C)=O)CC(OC(=O)CCC)C1(O)C2OC(=O)C1(C)O,3.9279000000000033,650.7620000000005,13.0,12.0,2.0,3.0,171.96
hERG289,ClC(C(Cl)=C(Cl)C1(Cl)Cl)=C1Cl,0,ClC1=C(Cl)C(Cl)(Cl)C(Cl)=C1Cl,4.5523,272.773,0.0,0.0,0.0,1.0,0.0
hERG290,c1cc(OCC(NCC2)=N2)c(C3CC3)cc1,0,c1ccc(C2CC2)c(OCC2=NCCN2)c1,1.9444999999999995,216.28399999999996,4.0,3.0,1.0,3.0,33.62
hERG291,CCCN(C1Cc(c2C1)cc(OC)c(OC)c2)CCC,0,CCCN(CCC)C1Cc2cc(OC)c(OC)cc2C1,3.293000000000002,277.408,7.0,3.0,0.0,2.0,21.700000000000003
hERG292,CCOC(c1c2n(c(c3C(=O)N(C24)CCC4)ccc(OC)c3)cn1)=O,0,CCOC(=O)c1ncn2c1C1CCCN1C(=O)c1cc(OC)ccc1-2,2.3483,341.3670000000001,3.0,6.0,0.0,4.0,73.66000000000001
hERG293,CCCN(C1Cc(c2CC1)c(O)ccc2)CCC,0,CCCN(CCC)C1CCc2cccc(O)c2C1,3.371500000000002,247.38199999999998,5.0,2.0,1.0,2.0,23.47
hERG294,c1ccc(NNc2ccccc2)cc1,0,c1ccc(NNc2ccccc2)cc1,3.1256000000000013,184.24200000000002,3.0,2.0,2.0,2.0,24.06
hERG295,CC(C(Cn1ncnc1)(CCc2ccc(Cl)cc2)O)(C)C,0,CC(C)(C)C(O)(CCc1ccc(Cl)cc1)Cn1cncn1,3.3415000000000017,307.825,5.0,4.0,1.0,2.0,50.94
hERG296,c1cc2c(c(c3I2)cccc3)cc1,0,c1ccc2c(c1)[IH]c1ccccc1-2,3.4094000000000015,280.108,0.0,0.0,0.0,3.0,0.0
hERG297,Cc1c2c(N(C3CC3)C=C(C(O)=O)C2=O)cc(N4CC(C)NCC4)c1F,0,Cc1c(F)c(N2CCNC(C)C2)cc2c1c(=O)c(C(=O)O)cn2C1CC1,2.28022,359.4010000000001,3.0,5.0,2.0,4.0,74.57
hERG298,COCCOC(C(C(c1cc([N+]([O-])=O)ccc1)C(C(OC(C)C)=O)=C(C)N2)=C2C)=O,0,COCCOC(=O)C1=C(C)NC(C)=C(C(=O)OC(C)C)C1c1cccc([N+](=O)[O-])c1,2.9708000000000014,418.44600000000014,8.0,8.0,1.0,2.0,117.0
hERG299,O[Si](C1CCCCC1)(c2ccc(F)cc2)CCCN3CCCCC3,0,O[Si](CCCN1CCCCC1)(c1ccc(F)cc1)C1CCCCC1,4.180800000000004,349.5660000000002,6.0,2.0,1.0,3.0,23.47
hERG300,COc1ccc(NC(C=Cc2ccc(Cl)cc2)=O)cc1,0,COc1ccc(NC(=O)C=Cc2ccc(Cl)cc2)cc1,4.000500000000002,287.74600000000004,4.0,2.0,1.0,2.0,38.33
hERG301,O=[N+](c1c(Cl)c(Cl)ccc1)[O-],0,O=[N+]([O-])c1cccc(Cl)c1Cl,2.901600000000001,192.00099999999998,1.0,2.0,0.0,1.0,43.14
hERG302,Oc1c(Cc2c(O)ccc(Cl)c2)cc(Cl)cc1,0,Oc1ccc(Cl)cc1Cc1cc(Cl)ccc1O,3.9954000000000023,269.127,2.0,2.0,2.0,2.0,40.46
hERG303,CN(C1CC2)C2CC(OC(c3c(N)cccc3)c4ccccc4)C1,0,CN1C2CCC1CC(OC(c1ccccc1)c1ccccc1N)C2,4.000000000000003,322.4520000000001,4.0,3.0,1.0,4.0,38.49
hERG304,CN(c1ccc(Cc2ccc(N(C)C)cc2)cc1)C,0,CN(C)c1ccc(Cc2ccc(N(C)C)cc2)cc1,3.4094000000000024,254.377,4.0,2.0,0.0,2.0,6.48
hERG305,ClC(C(C(Cl)(Cl)C12Cl)(Cl)C(C13)C=CC3Cl)=C2Cl,0,ClC1=C(Cl)C2(Cl)C3C(Cl)C=CC3C1(Cl)C2(Cl)Cl,5.241500000000001,373.321,0.0,0.0,0.0,3.0,0.0
hERG306,OCCN(c1nc(N2CCCCC2)c3c(c(N4CCCCC4)nc(N(CCO)CCO)n3)n1)CCO,0,OCCN(CCO)c1nc(N2CCCCC2)c2nc(N(CCO)CCO)nc(N3CCCCC3)c2n1,-0.017599999999997396,504.6360000000004,12.0,12.0,4.0,4.0,145.44
hERG307,CC(CC(CSSCC(CC(C)C)N)N)C,0,CC(C)CC(N)CSSCC(N)CC(C)C,3.114600000000002,264.504,9.0,4.0,2.0,0.0,52.04
hERG308,CC(C1C(C)(C2CC1)CCC(C23)C(C)(C(=C4)CC3)CCC4=O)=O,0,CC(=O)C1CCC2C3CCC4=CC(=O)CCC4(C)C3CCC12C,4.723500000000005,314.46900000000005,1.0,2.0,0.0,4.0,34.14
hERG309,O=S(N1CCNCC1)(c2c(c3ccc2)cccn3)=O,0,O=S(=O)(c1cccc2ncccc12)N1CCNCC1,0.8287,277.34900000000005,2.0,4.0,1.0,3.0,62.300000000000004
hERG310,CN(c1ccc(C(c2ccc(N(C)C)cc2)=N)cc1)C,0,CN(C)c1ccc(C(=N)c2ccc(N(C)C)cc2)cc1,3.234770000000002,267.376,4.0,3.0,1.0,2.0,30.330000000000005
hERG311,Cc1cc2c(C(=O)c(c3C2=O)c(O)cc(O)c3)c(O)c1,0,Cc1cc(O)c2c(c1)C(=O)c1cc(O)cc(O)c1C2=O,1.8872199999999997,270.24,0.0,5.0,3.0,3.0,94.83000000000001
hERG312,CC(Cc(c1C(c2ccc(N)cc2)=N3)cc4c(OCO4)c1)=N3,0,CC1=NN=C(c2ccc(N)cc2)c2cc3c(cc2C1)OCO3,2.7669000000000006,293.326,1.0,5.0,1.0,4.0,69.2
hERG313,CCCCCCCCC=CCCCCCCCC(NCCO)=O,0,CCCCCCCCC=CCCCCCCCC(=O)NCCO,5.132400000000005,325.537,17.0,2.0,2.0,0.0,49.33
hERG314,COC(c1ncc2c(c(c3[nH]2)cccc3)c1)=O,0,COC(=O)c1cc2c(cn1)[nH]c1ccccc12,2.502700000000001,226.235,1.0,3.0,1.0,3.0,54.98
hERG315,CCCNC(C(Nc1c(C)cccc1)=O)C,0,CCCNC(C)C(=O)Nc1ccccc1C,2.3216200000000002,220.316,5.0,2.0,2.0,1.0,41.13
hERG316,CCN(C(C)C)c1c(Cl)nc(C(NC(N)=N)=O)c(N)n1,0,CCN(c1nc(N)c(C(=O)NC(=N)N)nc1Cl)C(C)C,0.5701700000000003,299.7660000000001,4.0,6.0,4.0,1.0,134.01
hERG317,CN1C(C2(C)CC1)N(C)c(c23)ccc(O)c3,0,CN1CCC2(C)c3cc(O)ccc3N(C)C12,1.7612999999999999,218.3,0.0,3.0,1.0,3.0,26.71
hERG318,c1ccc(C2N=C(N3C2)SCC3)cc1,0,c1ccc(C2CN3CCSC3=N2)cc1,2.1460999999999997,204.298,1.0,3.0,0.0,3.0,15.6
hERG319,Clc1c(Cl)cc(C(Cl)(Cl)Cl)cc1,0,Clc1ccc(C(Cl)(Cl)Cl)cc1Cl,4.8201,264.366,0.0,0.0,0.0,1.0,0.0
hERG320,COc1ccc(n2c(c3ccc(Cl)cc3)cc(C(F)(F)F)n2)cc1,0,COc1ccc(-n2nc(C(F)(F)F)cc2-c2ccc(Cl)cc2)cc1,5.220100000000003,352.74300000000005,3.0,3.0,0.0,3.0,27.05
hERG321,COc1c(C(OCCN2CCCCC2)=O)cc(Cl)c(N)c1,0,COc1cc(N)c(Cl)cc1C(=O)OCCN1CCCCC1,2.573500000000001,312.79700000000014,5.0,5.0,1.0,2.0,64.78999999999999
hERG322,C=C(CSC(N(CC)CC)=S)Cl,0,C=C(Cl)CSC(=S)N(CC)CC,3.0988000000000016,223.79399999999998,4.0,2.0,0.0,0.0,3.24
hERG323,COc1c(c2cc(F)c1N3CC(C)NCC3)N(C4CC4)C=C(C(O)=O)C2=O,0,COc1c(N2CCNC(C)C2)c(F)cc2c(=O)c(C(=O)O)cn(C3CC3)c12,1.9804,375.40000000000015,4.0,6.0,2.0,4.0,83.80000000000001
hERG324,c1cc(c(c(c2ccc3)c34)c(C4)c1)cc2,0,c1cc2c3c(c1)ccc1cccc(c13)C2,3.8972000000000016,190.24499999999995,0.0,0.0,0.0,4.0,0.0
hERG325,CN(c1ccc(C=C2C(=O)Nc(c23)cccc3)cc1)C,0,CN(C)c1ccc(C=C2C(=O)Nc3ccccc32)cc1,3.245300000000001,264.328,2.0,2.0,1.0,3.0,32.34
hERG326,CC(c1ccc(O)cc1)(c2ccccc2)C,0,CC(C)(c1ccccc1)c1ccc(O)cc1,3.7181000000000024,212.29199999999997,2.0,1.0,1.0,2.0,20.23
hERG327,CCC(c1ccc(O)cc1)=C(c2ccc(OCCN(C)C)cc2)c3ccccc3,0,CCC(=C(c1ccccc1)c1ccc(OCCN(C)C)cc1)c1ccc(O)cc1,5.701700000000006,387.523,8.0,3.0,1.0,3.0,32.7
hERG328,CCCCC(COC(c1ccc(N(C)C)cc1)=O)CC,0,CCCCC(CC)COC(=O)c1ccc(N(C)C)cc1,4.1258000000000035,277.40799999999996,8.0,3.0,0.0,1.0,29.54
hERG329,N#CSCSC#N,0,N#CSCSC#N,1.37246,130.197,2.0,4.0,0.0,0.0,47.58
hERG330,CN(c1c(Cl)nc(C(NC(N)=N)=O)c(N)n1)C,0,CN(C)c1nc(N)c(C(=O)NC(=N)N)nc1Cl,-0.5985299999999996,257.68500000000006,2.0,6.0,4.0,1.0,134.01
hERG331,CN=C1SN(c2ccccc2)C(c3ccccc3)=N1,0,CN=c1nc(-c2ccccc2)n(-c2ccccc2)s1,3.1313000000000013,267.357,2.0,4.0,0.0,3.0,30.18
hERG332,CCS(Nc1cc(C(=C2CCCCC2)c3nc[nH]c3)ccc1)(=O)=O,0,CCS(=O)(=O)Nc1cccc(C(=C2CCCCC2)c2c[nH]cn2)c1,3.9373000000000022,345.468,5.0,3.0,2.0,3.0,74.85
hERG333,c1ccc(c2ccccc2)cc1,0,c1ccc(-c2ccccc2)cc1,3.353600000000001,154.21199999999996,1.0,0.0,0.0,2.0,0.0
hERG334,Brc1cc(c2ccccc2)ccc1,0,Brc1cccc(-c2ccccc2)c1,4.116100000000002,233.108,1.0,0.0,0.0,2.0,0.0
hERG335,O=C(C=Cc1ccc(C=CC(O)=O)cc1)O,0,O=C(O)C=Cc1ccc(C=CC(=O)O)cc1,1.8822,218.208,4.0,2.0,2.0,1.0,74.6
hERG336,CCCCOC(c1c(C(OCc2ccccc2)=O)cccc1)=O,0,CCCCOC(=O)c1ccccc1C(=O)OCc1ccccc1,4.000500000000003,312.36499999999995,7.0,4.0,0.0,2.0,52.60000000000001
hERG337,O=C(OC1C(O)C(O)CC(C(O)=O)(O)C1)C=Cc2cc(O)c(O)cc2,0,O=C(C=Cc1ccc(O)c(O)c1)OC1CC(O)(C(=O)O)CC(O)C1O,-0.6459000000000001,354.31100000000004,4.0,8.0,6.0,2.0,164.75
hERG338,Cc1c(CC(NCC2)=N2)c(C)cc(C(C)(C)C)c1,0,Cc1cc(C(C)(C)C)cc(C)c1CC1=NCCN1,3.1451400000000014,244.38199999999995,2.0,2.0,1.0,2.0,24.39
hERG339,CC(CC(C)C)=O,0,CC(=O)CC(C)C,1.6215,100.16099999999999,2.0,1.0,0.0,0.0,17.07
hERG340,O=C(Nc1cc(C(Nc2c(S(O)(=O)=O)cc(S(O)(=O)=O)cc2)=O)cc(C(Nc3c(S(O)(=O)=O)cc(S(O)(=O)=O)cc3)=O)c1)Nc4cc(C(Nc5c(S(O)(=O)=O)cc(S(O)(=O)=O)cc5)=O)cc(C(Nc6c(S(O)(=O)=O)cc(S(O)(=O)=O)cc6)=O)c4,0,O=C(Nc1cc(C(=O)Nc2ccc(S(=O)(=O)O)cc2S(=O)(=O)O)cc(C(=O)Nc2ccc(S(=O)(=O)O)cc2S(=O)(=O)O)c1)Nc1cc(C(=O)Nc2ccc(S(=O)(=O)O)cc2S(=O)(=O)O)cc(C(=O)Nc2ccc(S(=O)(=O)O)cc2S(=O)(=O)O)c1,2.3134000000000006,1329.2560000000008,18.0,21.0,14.0,6.0,592.49
hERG341,NCCCCCCNS(c1c(c2ccc1)cccc2Cl)(=O)=O,0,NCCCCCCNS(=O)(=O)c1cccc2c(Cl)cccc12,3.2906000000000013,340.87600000000003,8.0,3.0,2.0,2.0,72.19
hERG342,O=C1C=CC(=O)C=C1,0,O=C1C=CC(=O)C=C1,0.25059999999999993,108.09599999999999,0.0,2.0,0.0,1.0,34.14
hERG343,CC(CN1c(c2CCc(c13)cccc3)cccc2)CN(C)C,0,CC(CN(C)C)CN1c2ccccc2CCc2ccccc21,4.121000000000003,294.442,4.0,2.0,0.0,3.0,6.48
hERG344,c1cc(c(c(c2ccc3)c3cc4)c4c1)cc2,0,c1cc2ccc3cccc4ccc(c1)c2c34,4.584000000000002,202.25599999999997,0.0,0.0,0.0,4.0,0.0
hERG345,N=C1C=CC(=C(c2ccc(N)cc2)c3ccc(N)cc3)C=C1,0,N=C1C=CC(=C(c2ccc(N)cc2)c2ccc(N)cc2)C=C1,3.7986700000000013,287.366,2.0,3.0,3.0,3.0,75.89
hERG346,COc1c([N+]([O-])=O)c(C)c([N+]([O-])=O)cc1C(C)(C)C,0,COc1c(C(C)(C)C)cc([N+](=O)[O-])c(C)c1[N+](=O)[O-],3.1175200000000025,268.26899999999995,3.0,5.0,0.0,1.0,95.51
hERG347,CCCCCC(c1cc(OCc2nc(c3cc2)cccc3)ccc1)O,0,CCCCCC(O)c1cccc(OCc2ccc3ccccc3n2)c1,5.427500000000005,335.447,8.0,3.0,1.0,3.0,42.35
hERG348,COC(N1CC(CN2CCCC2)N(C(Cc3cc(Cl)c(Cl)cc3)=O)CC1)=O,0,COC(=O)N1CCN(C(=O)Cc2ccc(Cl)c(Cl)c2)C(CN2CCCC2)C1,2.9109000000000007,414.33300000000025,4.0,4.0,0.0,3.0,53.09
hERG349,N=C(NC(Nc1ccc(Cl)cc1)=N)NCCCCCCNC(NC(Nc2ccc(Cl)cc2)=N)=N,0,N=C(NCCCCCCNC(=N)NC(=N)Nc1ccc(Cl)cc1)NC(=N)Nc1ccc(Cl)cc1,4.175280000000002,505.4580000000002,9.0,4.0,10.0,2.0,167.58
hERG351,CCCCN1CCC(N2C(=O)Nc(c23)cccc3)CC1,0,CCCCN1CCC(n2c(=O)[nH]c3ccccc32)CC1,2.7666000000000013,273.3800000000001,4.0,3.0,1.0,3.0,41.03
hERG352,CC(C(C(CNC1=C2C(=O)N=C(N)N1)=N2)=O)O,0,CC(O)C(=O)C1=Nc2c([nH]c(N)nc2=O)NC1,-1.2000000000000002,237.219,2.0,7.0,4.0,2.0,133.45999999999998
hERG353,CCn1c2c(c(Nc3cc(Cl)ccc3)nc(NC4C(N)CCCC4)n2)nc1,0,CCn1cnc2c(Nc3cccc(Cl)c3)nc(NC3CCCCC3N)nc21,3.9250000000000007,385.90300000000025,5.0,7.0,3.0,4.0,93.68
hERG354,NCC(C1CCCCCCC1)O,0,NCC(O)C1CCCCCCC1,1.6664999999999996,171.28399999999996,2.0,2.0,2.0,1.0,46.25
hERG355,NC1(CC1)C(O)=O,0,NC1(C(=O)O)CC1,-0.4377000000000004,101.105,1.0,2.0,2.0,1.0,63.32000000000001
hERG356,CN(C(SSC(N(C)C)=S)=S)C,0,CN(C)C(=S)SSC(=S)N(C)C,2.0608,240.44400000000002,0.0,4.0,0.0,0.0,6.48
hERG357,Oc1c(c2c(Cl)cc1I)nccc2,0,Oc1c(I)cc(Cl)c2cccnc12,3.1984000000000004,305.502,0.0,2.0,1.0,2.0,33.120000000000005
hERG358,CCc1ccc(C(C(Cl)Cl)c2ccc(CC)cc2)cc1,0,CCc1ccc(C(c2ccc(CC)cc2)C(Cl)Cl)cc1,5.747000000000004,307.264,5.0,0.0,0.0,2.0,0.0
hERG359,Clc1cc(N2CCNCC2)ccc1,0,Clc1cccc(N2CCNCC2)c1,1.7495999999999998,196.68099999999998,1.0,2.0,1.0,2.0,15.27
hERG361,Nc1c(Cl)cc(Cc2cc(Cl)c(N)cc2)cc1,0,Nc1ccc(Cc2ccc(N)c(Cl)c2)cc1Cl,3.7486000000000015,267.159,2.0,2.0,2.0,2.0,52.04
hERG362,CC([N+](C(C)C)(CCOC(C1c(c2Oc(c13)cccc3)cccc2)=O)C)C,0,CC(C)[N+](C)(CCOC(=O)C1c2ccccc2Oc2ccccc21)C(C)C,4.730800000000005,368.4970000000001,6.0,3.0,0.0,3.0,35.53
hERG363,c1nc(CN(c2ccccc2)Cc3ccccc3)[nH]c1,0,c1ccc(CN(Cc2ncc[nH]2)c2ccccc2)cc1,3.616500000000002,263.34400000000005,5.0,2.0,1.0,3.0,31.92
hERG364,Brc1ccc(c2ccccc2)cc1,0,Brc1ccc(-c2ccccc2)cc1,4.116100000000003,233.108,1.0,0.0,0.0,2.0,0.0
hERG365,N#CC(C(NCc1ccccc1)=O)=Cc2cc(O)c(O)cc2,0,N#CC(=Cc1ccc(O)c(O)c1)C(=O)NCc1ccccc1,2.32118,294.31,4.0,4.0,3.0,2.0,93.35
hERG366,CCCCOC(COc1c(Cl)cc(Cl)cc1)=O,0,CCCCOC(=O)COc1ccc(Cl)cc1Cl,3.7155000000000022,277.147,6.0,3.0,0.0,1.0,35.53
hERG367,C(c1ccccc1)=Cc2ccccc2,0,C(=Cc1ccccc1)c1ccccc1,3.857000000000003,180.24999999999997,2.0,0.0,0.0,2.0,0.0
hERG368,CC(c1ccc(O)cc1)(c2ccc(O)cc2)C,0,CC(C)(c1ccc(O)cc1)c1ccc(O)cc1,3.423700000000002,228.291,2.0,2.0,2.0,2.0,40.46
hERG369,CNC(OCC[N+](C)(C)C)=O,0,CNC(=O)OCC[N+](C)(C)C,0.048599999999999755,161.225,3.0,2.0,1.0,0.0,38.33
hERG370,CCN(CCCCCCCCOC(c1cc(OC)c(OC)c(OC)c1)=O)CC,0,CCN(CC)CCCCCCCCOC(=O)c1cc(OC)c(OC)c(OC)c1,4.551600000000004,395.54000000000013,15.0,6.0,0.0,1.0,57.230000000000004
hERG371,CCCCCCCCCCCCCC=CC(C(CO)N)O,0,CCCCCCCCCCCCCC=CC(O)C(N)CO,3.924200000000002,299.499,15.0,3.0,3.0,0.0,66.48
hERG372,ClC(C(C(Cl)(Cl)C12Cl)(Cl)C(C13)CC(Cl)C3Cl)=C2Cl,0,ClC1=C(Cl)C2(Cl)C3C(Cl)C(Cl)CC3C1(Cl)C2(Cl)Cl,5.682800000000001,409.78200000000015,0.0,0.0,0.0,3.0,0.0
hERG373,CCC(Nc1nc(NCc2ccccc2)c3c(n(C(C)C)cn3)n1)CO,0,CCC(CO)Nc1nc(NCc2ccccc2)c2ncn(C(C)C)c2n1,3.2021000000000015,354.4580000000001,8.0,7.0,3.0,3.0,87.89
hERG374,CC1C2(OCC(C)CC2)OC3C1C(C)(C4C3O)CCC(C45)C(C)(C6CC5)CC(O)C(OC7C(O)C(O)C(OC8C(OC9C(O)C(OC%10C(O)C(O)C(O)C(CO)O%10)C(O)C(CO)O9)C(OC%11C(O)C(O)C(O)CO%11)C(O)C(CO)O8)C(CO)O7)C6,0,CC1CCC2(OC1)OC1C(O)C3C4CCC5CC(OC6OC(CO)C(OC7OC(CO)C(O)C(OC8OCC(O)C(O)C8O)C7OC7OC(CO)C(O)C(OC8OC(CO)C(O)C(O)C8O)C7O)C(O)C6O)C(O)CC5(C)C4CCC3(C)C1C2C,-6.504500000000019,1229.3230000000008,14.0,29.0,17.0,11.0,454.67000000000013
hERG375,O=C(c1c(O)cccc1)OCc2ccccc2,0,O=C(OCc1ccccc1)c1ccccc1O,2.7492000000000014,228.24699999999999,3.0,3.0,1.0,2.0,46.53
hERG376,O=C(CCCc1ccc(N(CCCl)CCCl)cc1)O,0,O=C(O)CCCc1ccc(N(CCCl)CCCl)cc1,3.377900000000002,304.217,9.0,2.0,1.0,1.0,40.54
hERG377,COc1c(C(OCC2CCN(CCNS(=O)(=O)C)CC2)=O)c(c3[nH]1)cc(F)cc3,0,COc1[nH]c2ccc(F)cc2c1C(=O)OCC1CCN(CCNS(C)(=O)=O)CC1,1.7336,427.4980000000002,8.0,6.0,2.0,3.0,100.72999999999999
hERG378,CCCN1C(C2CCC1)Cc(c3C2)cnc(N)n3,0,CCCN1CCCC2Cc3nc(N)ncc3CC21,1.648,246.35799999999998,2.0,4.0,1.0,3.0,55.040000000000006
hERG379,C[N+](C1CC2)(C2CC(OC(c3c(c4[nH]c3)cccc4)=O)C1)C,0,C[N+]1(C)C2CCC1CC(OC(=O)c1c[nH]c3ccccc13)C2,3.094500000000001,299.39400000000006,2.0,2.0,1.0,4.0,42.09
hERG380,COc1c(N2CCN(CCN(c3ncccc3)C(C4CCCCC4)=O)CC2)cccc1,0,COc1ccccc1N1CCN(CCN(C(=O)C2CCCCC2)c2ccccn2)CC1,3.825700000000003,422.57300000000026,7.0,5.0,0.0,4.0,48.910000000000004
hERG381,CCCN(c1c(Cl)c(Nc2c(Cl)cc(Cl)cc2Cl)nc(C)n1)CC3CC3,0,CCCN(CC1CC1)c1nc(C)nc(Nc2c(Cl)cc(Cl)cc2Cl)c1Cl,6.768620000000004,434.1980000000001,7.0,4.0,1.0,3.0,41.050000000000004
hERG382,CC1(C(=O)CC2)C2C3C(C(C)(C(=C4)CC3)CCC4=O)CC1,0,CC12CCC3C(CCC4=CC(=O)CCC43C)C1CCC2=O,4.087400000000003,286.415,0.0,2.0,0.0,4.0,34.14
hERG383,COc1c(N2CCN(CCN(c3ncccc3)C(c4ccc(F)cc4)=O)CC2)cccc1,0,COc1ccccc1N1CCN(CCN(C(=O)c2ccc(F)cc2)c2ccccn2)CC1,3.6983000000000024,434.5150000000001,7.0,5.0,0.0,4.0,48.910000000000004
hERG384,O=C=Nc1ccc(Cc2ccc(N=C=O)cc2)cc1,0,O=C=Nc1ccc(Cc2ccc(N=C=O)cc2)cc1,3.2120000000000015,250.257,4.0,4.0,0.0,2.0,58.86
hERG385,N#CC(C(N1c(c2CC1)cccc2)=O)Cc3cc(O)c(O)cc3,0,N#CC(Cc1ccc(O)c(O)c1)C(=O)N1CCc2ccccc21,2.3693800000000005,308.337,3.0,4.0,2.0,3.0,84.55999999999999
hERG386,CCN(CCNC(c1ccc(N)cc1)=O)CC,0,CCN(CC)CCNC(=O)c1ccc(N)cc1,1.3403999999999996,235.33100000000002,6.0,3.0,2.0,1.0,58.36
hERG387,O=C1C(=C2C(=NO)c(c3N2)cccc3)c(c4N1)ccc(Br)c4,0,O=C1Nc2cc(Br)ccc2C1=C1Nc2ccccc2C1=NO,3.4163000000000023,356.17900000000003,0.0,4.0,3.0,4.0,73.72
hERG388,CCC(c1ccc(O)cc1)=C(c2ccc(O)cc2)CC,0,CCC(=C(CC)c1ccc(O)cc1)c1ccc(O)cc1,4.828600000000005,268.356,4.0,2.0,2.0,2.0,40.46
hERG389,CCC(C=CC1C(C)(C)CCC=C1C)=O,0,CCC(=O)C=CC1C(C)=CCCC1(C)C,3.904200000000003,206.32899999999995,3.0,1.0,0.0,1.0,17.07
hERG390,CC1(OC2=C(C(=O)C(=O)c(c23)cccc3)CC1)C,0,CC1(C)CCC2=C(O1)c1ccccc1C(=O)C2=O,2.7521000000000013,242.274,0.0,3.0,0.0,3.0,43.370000000000005
hERG391,CN1C2c(c3CC1)c(c(c4C2)c(O)c(O)cc4)cc(O)c3,0,CN1CCc2cc(O)cc3c2C1Cc1ccc(O)c(O)c1-3,2.555500000000002,283.327,0.0,4.0,3.0,4.0,63.93000000000001
hERG392,N=S(Cc1c(c2on1)cccc2)(O)=O,0,N=S(=O)(O)Cc1noc2ccccc12,1.84757,212.23000000000002,2.0,4.0,2.0,2.0,87.18
hERG393,CCOC(C(C(c1c(Cl)c(Cl)ccc1)C(C(OC)=O)=C(C)N2)=C2C)=O,0,CCOC(=O)C1=C(C)NC(C)=C(C(=O)OC)C1c1cccc(Cl)c1Cl,3.9643000000000033,384.259,4.0,5.0,1.0,2.0,64.63
hERG394,Cc1nc2c(CC3N2C(C)CNC3)cc1,0,Cc1ccc2c(n1)N1C(C)CNCC1C2,1.1128199999999997,203.289,0.0,3.0,1.0,3.0,28.160000000000004
hERG395,CCN(c1ccccc1)Cc2ccccc2,0,CCN(Cc1ccccc1)c1ccccc1,3.7131000000000025,211.308,4.0,1.0,0.0,2.0,3.24
hERG396,CC(c1c(O)c(C(C)(C)C)cc(C=C(C(=S)N)C#N)c1)(C)C,0,CC(C)(C)c1cc(C=C(C#N)C(N)=S)cc(C(C)(C)C)c1O,4.180280000000004,316.47,2.0,3.0,2.0,1.0,70.04
hERG397,CC(C(Cc1cc(O)c(O)cc1)C)Cc2cc(O)c(O)cc2,0,CC(Cc1ccc(O)c(O)c1)C(C)Cc1ccc(O)c(O)c1,3.5664000000000033,302.37,5.0,4.0,4.0,2.0,80.92
hERG398,O=S(N1CCNCCC1)(c2c(c3ccc2)cccc3I)=O,0,O=S(=O)(c1cccc2c(I)cccc12)N1CCCNCC1,2.428400000000001,416.2840000000002,2.0,3.0,1.0,3.0,49.410000000000004
hERG399,c1ccc(P(c2ccccc2)c3ccccc3)cc1,0,c1ccc(P(c2ccccc2)c2ccccc2)cc1,3.4448000000000016,262.29200000000003,3.0,0.0,0.0,3.0,0.0
hERG401,Brc1c(Br)cc(Oc2c(Br)cc(Br)c(Br)c2)c(Br)c1,0,Brc1cc(Br)c(Oc2cc(Br)c(Br)cc2Br)cc1Br,8.053900000000002,643.587,2.0,1.0,0.0,2.0,9.23
hERG402,CC(=CC=CC(=CCO)C)C=CC(C(C)(C)CCC1)=C1C,0,CC(C=CC1=C(C)CCCC1(C)C)=CC=CC(C)=CCO,5.510300000000006,286.45900000000006,5.0,1.0,1.0,1.0,20.23
hERG403,CNC(C(c1ccccc1)O)C,0,CNC(C)C(O)c1ccccc1,1.3278999999999999,165.236,3.0,2.0,2.0,1.0,32.26
hERG405,CC(c1c(O)c(C(C)(C)C)cc(CC(CO)(C)C)c1)(C)C,0,CC(C)(CO)Cc1cc(C(C)(C)C)c(O)c(C(C)(C)C)c1,4.548200000000004,292.463,3.0,2.0,2.0,1.0,40.46
hERG406,Oc1c(Sc2c(O)c(Cl)cc(Cl)c2)cc(Cl)cc1Cl,0,Oc1c(Cl)cc(Cl)cc1Sc1cc(Cl)cc(Cl)c1O,5.862600000000001,356.057,2.0,3.0,2.0,2.0,40.46
hERG407,c1cc2c(c(N3CCNCC3)ccc2)cc1,0,c1ccc2c(N3CCNCC3)cccc2c1,2.2494000000000005,212.296,1.0,2.0,1.0,3.0,15.27
hERG408,CN1CCN(c2nc(c3cc2)cccc3)CC1,0,CN1CCN(c2ccc3ccccc3n2)CC1,1.9866,227.31099999999998,1.0,3.0,0.0,3.0,19.37
hERG409,CC(c1ccc(S(C=CC#N)(=O)=O)cc1)(C)C,0,CC(C)(C)c1ccc(S(=O)(=O)C=CC#N)cc1,2.7950800000000013,249.33499999999998,2.0,3.0,0.0,1.0,57.93
hERG410,CN(c1ccc(N)cc1)C,0,CN(C)c1ccc(N)cc1,1.3348,136.19799999999998,1.0,2.0,1.0,1.0,29.259999999999998
hERG411,CCc1c2c(CCCC2=NNC(Nc3ccccc3)=O)[nH]c1C,0,CCc1c(C)[nH]c2c1C(=NNC(=O)Nc1ccccc1)CCC2,3.747620000000002,310.4010000000001,3.0,2.0,3.0,3.0,69.28
hERG412,Oc1cc(c2cc1)ccc(SSc3cc(c4cc3)ccc(O)c4)c2,0,Oc1ccc2cc(SSc3ccc4cc(O)ccc4c3)ccc2c1,6.203600000000004,350.46400000000006,3.0,4.0,2.0,4.0,40.46
hERG413,BrCC(C1CC(Br)C(Br)CC1)Br,0,BrCC(Br)C1CCC(Br)C(Br)C1,4.471900000000002,427.8,2.0,0.0,0.0,1.0,0.0
hERG414,CCC(C(O)=O)(C)C,0,CCC(C)(C)C(=O)O,1.5072,116.15999999999997,2.0,1.0,1.0,0.0,37.3
hERG415,Cc1c(C)c(c2cc1)cccc2,0,Cc1ccc2ccccc2c1C,3.456640000000002,156.22799999999998,0.0,0.0,0.0,2.0,0.0
hERG416,CC(OC1(C(C)(C2CC1)CCC(C23)C(C)(C(=C4)C(Cl)=C3)C(C5C4=O)C5)C(=O)C)=O,0,CC(=O)OC1(C(C)=O)CCC2C3C=C(Cl)C4=CC(=O)C5CC5C4(C)C3CCC21C,4.607600000000004,416.9450000000003,2.0,4.0,0.0,5.0,60.440000000000005
hERG417,CN(C1CC2)C2CC(OC(C(c3ccccc3)O)=O)C1,0,CN1C2CCC1CC(OC(=O)C(O)c1ccccc1)C2,1.8883999999999996,275.34800000000007,3.0,4.0,1.0,3.0,49.769999999999996
hERG418,CNCC(c1cc(O)c(O)cc1)O,0,CNCC(O)c1ccc(O)c(O)c1,0.35060000000000013,183.207,3.0,4.0,4.0,1.0,72.72
hERG419,Cc1cc(C(C)(C)C)c(O)c(C(C)(C)C)c1,0,Cc1cc(C(C)(C)C)c(O)c(C(C)(C)C)c1,4.295620000000004,220.356,0.0,1.0,1.0,1.0,20.23
hERG420,CC(NCC(COc1ccc(CCOCC2CC2)cc1)O)C,0,CC(C)NCC(O)COc1ccc(CCOCC2CC2)cc1,2.3933999999999997,307.434,11.0,4.0,2.0,2.0,50.72
hERG421,O=C1c(c2C(=O)N1)cc(Nc3ccccc3)c(Nc4ccccc4)c2,0,O=C1NC(=O)c2cc(Nc3ccccc3)c(Nc3ccccc3)cc21,4.057400000000001,329.35900000000004,4.0,4.0,3.0,4.0,70.23
hERG422,Cc1c(Sc2c(C)cc(O)c(C(C)(C)C)c2)cc(C(C)(C)C)c(O)c1,0,Cc1cc(O)c(C(C)(C)C)cc1Sc1cc(C(C)(C)C)c(O)cc1C,6.4608400000000055,358.54700000000014,2.0,3.0,2.0,2.0,40.46
hERG423,CCOC(Nc1c(N)nc(NCc2ccc(F)cc2)cc1)=O,0,CCOC(=O)Nc1ccc(NCc2ccc(F)cc2)nc1N,2.9834000000000005,304.32500000000005,5.0,5.0,3.0,2.0,89.27
hERG424,c1cc2c(Sc(c3O2)cccc3)cc1,0,c1ccc2c(c1)Oc1ccccc1S2,3.943500000000001,200.262,0.0,2.0,0.0,3.0,9.23
hERG425,Cc1ccc(OP(Oc2ccc(C)cc2)(Oc3ccc(C)cc3)=O)cc1,0,Cc1ccc(OP(=O)(Oc2ccc(C)cc2)Oc2ccc(C)cc2)cc1,6.256760000000005,368.3690000000001,6.0,4.0,0.0,3.0,44.760000000000005
hERG426,c1cc2c(OC(C(NCC3)=N3)CO2)cc1,0,c1ccc2c(c1)OCC(C1=NCCN1)O2,0.8280999999999994,204.22899999999996,1.0,4.0,1.0,3.0,42.849999999999994
hERG427,Cc1ncc(C(NCCc2ccc(S(NC(NC3CCCCC3)=O)(=O)=O)cc2)=O)nc1,0,Cc1cnc(C(=O)NCCc2ccc(S(=O)(=O)NC(=O)NC3CCCCC3)cc2)cn1,2.0781199999999993,445.54500000000024,7.0,6.0,3.0,3.0,130.14999999999998
hERG428,Clc1cc(Cl)c(C(Cl)(Cl)Cl)cc1,0,Clc1ccc(C(Cl)(Cl)Cl)c(Cl)c1,4.8201,264.366,0.0,0.0,0.0,1.0,0.0
hERG429,NCC1c(c2CC(C3(CC4C5)CC(CC5C3)C4)O1)ccc(O)c2O,0,NCC1OC(C23CC4CC(CC(C4)C2)C3)Cc2c1ccc(O)c2O,3.2553000000000027,329.44,2.0,4.0,3.0,6.0,75.71000000000001
hERG431,CCC(CC(C(C(C(C(Cl)C)Cl)Cl)Cl)Cl)Cl,0,CCC(Cl)CC(Cl)C(Cl)C(Cl)C(Cl)C(C)Cl,5.450800000000004,348.956,7.0,0.0,0.0,0.0,0.0
hERG432,CN(C(c1cc(OCC(O)=O)ccc1)CN2CCCC2)C(Cc3cc(Cl)c(Cl)cc3)=O,0,CN(C(=O)Cc1ccc(Cl)c(Cl)c1)C(CN1CCCC1)c1cccc(OCC(=O)O)c1,4.294800000000003,465.37700000000035,9.0,4.0,1.0,3.0,70.08
hERG433,CCN1C(=O)N(CC)C(=O)c(c12)nc(c3ccccc3)[nH]2,0,CCn1c(=O)c2nc(-c3ccccc3)[nH]c2n(CC)c1=O,1.5930999999999997,284.3190000000001,3.0,5.0,1.0,3.0,72.68
hERG435,Cn1c2c(N(C)C(=O)N(C)C2=O)nc1C=Cc3cc(Cl)ccc3,0,Cn1c(=O)c2c(nc(C=Cc3cccc(Cl)c3)n2C)n(C)c1=O,1.7944999999999995,330.7750000000001,2.0,6.0,0.0,3.0,61.82
hERG436,CCCCNCC,0,CCCCNCC,1.396,101.19299999999998,4.0,1.0,1.0,0.0,12.03
hERG437,COC(CCCC(CC=CC(=CC(OC(C)C)=O)C)C)(C)C,0,COC(C)(C)CCCC(C)CC=CC(C)=CC(=O)OC(C)C,5.062000000000006,310.47800000000007,10.0,3.0,0.0,0.0,35.53
hERG438,O=[N+](c1c(Cl)c(Cl)c(Cl)c(Cl)c1Cl)[O-],0,O=[N+]([O-])c1c(Cl)c(Cl)c(Cl)c(Cl)c1Cl,4.8618,295.336,1.0,2.0,0.0,1.0,43.14
hERG440,CC(=CC=CC(=CC(Nc1ccc(O)cc1)=O)C)C=CC(C(C)(C)CCC2)=C2C,0,CC(C=CC1=C(C)CCCC1(C)C)=CC=CC(C)=CC(=O)Nc1ccc(O)cc1,6.8623000000000065,391.5550000000001,6.0,2.0,2.0,2.0,49.33
hERG441,CCc1c(c2ccc(Cl)cc2)c(N)nc(N)n1,0,CCc1nc(N)nc(N)c1-c1ccc(Cl)cc1,2.5238000000000005,248.71700000000004,2.0,4.0,2.0,2.0,77.82
hERG442,Cc1[nH]c2c(c(F)c(Oc3c(n4ncn3)c(C)c(OCC(O)C)c4)cc2)c1,0,Cc1cc2c(F)c(Oc3ncnn4cc(OCC(C)O)c(C)c34)ccc2[nH]1,3.518440000000002,370.3840000000001,5.0,6.0,2.0,4.0,84.67000000000002
hERG443,Nc1cc(N)c(N=Nc2ccccc2)cc1,0,Nc1ccc(N=Nc2ccccc2)c(N)c1,3.2664,212.25600000000003,2.0,4.0,2.0,2.0,76.75999999999999
hERG444,O=C1C(Cl)=C(Cl)C(=O)C(Cl)=C1Cl,0,O=C1C(Cl)=C(Cl)C(=O)C(Cl)=C1Cl,2.5166,245.876,0.0,2.0,0.0,1.0,34.14
hERG445,Cc1c([N+]([O-])=O)cc([N+]([O-])=O)cc1,0,Cc1ccc([N+](=O)[O-])cc1[N+](=O)[O-],1.81142,182.135,2.0,4.0,0.0,1.0,86.28
hERG446,Oc1c(c2nc(c3ccccc3)c1)ccc(Cl)n2,0,Oc1cc(-c2ccccc2)nc2nc(Cl)ccc12,3.655800000000002,256.692,1.0,3.0,1.0,3.0,46.010000000000005
hERG447,CCCCOC(NS(c1c(c2ccc(Cn3c4c(c(C)cc(C)n4)nc3CC)cc2)cc(CC(C)C)s1)(=O)=O)=O,0,CCCCOC(=O)NS(=O)(=O)c1sc(CC(C)C)cc1-c1ccc(Cn2c(CC)nc3c(C)cc(C)nc32)cc1,6.800840000000007,582.7920000000003,11.0,8.0,1.0,4.0,103.18
hERG448,NCCNS(c1c(c2ccc1)ccnc2)(=O)=O,0,NCCNS(=O)(=O)c1cccc2cnccc12,0.47180000000000005,251.311,4.0,4.0,2.0,2.0,85.08
hERG449,CCCCCCCCC=CCCCCCCCC(N(CCO)CCO)=O,0,CCCCCCCCC=CCCCCCCCC(=O)N(CCO)CCO,4.837100000000006,369.5900000000001,19.0,3.0,2.0,0.0,60.77000000000001
hERG450,C=CCc1c(OCC(CNC(C)C)O)cccc1,0,C=CCc1ccccc1OCC(O)CNC(C)C,2.1528,249.35399999999996,8.0,3.0,2.0,1.0,41.49
hERG451,NNCCc1ccccc1,0,NNCCc1ccccc1,0.6923999999999992,136.19799999999998,3.0,2.0,2.0,1.0,38.05
hERG452,Cn1c2c(N(C)C(=O)NC2=O)nc1,0,Cn1cnc2c1c(=O)[nH]c(=O)n2C,-1.0397,180.16699999999997,0.0,5.0,1.0,2.0,72.68
hERG453,O=[N+](c1cc([N+]([O-])=O)c(c2c1)cccc2)[O-],0,O=[N+]([O-])c1cc([N+](=O)[O-])c2ccccc2c1,2.6562,218.168,2.0,4.0,0.0,2.0,86.28
hERG454,ClC(C(Cl)(Cl)Cl)(Cl)Cl,0,ClC(Cl)(Cl)C(Cl)(Cl)Cl,3.7268,236.74,0.0,0.0,0.0,0.0,0.0
hERG455,CC[N+](COc1ccc(C=Cc2ccccc2)cc1)(CC)CC,0,CC[N+](CC)(CC)COc1ccc(C=Cc2ccccc2)cc1,5.069800000000005,310.461,8.0,1.0,0.0,2.0,9.23
hERG456,CNCC(c1ccc(O)cc1)O,0,CNCC(O)c1ccc(O)cc1,0.645,167.208,3.0,3.0,3.0,1.0,52.489999999999995
hERG457,COc1c(C(NCCc2ccc(S(NC(NC3CCCCC3)=O)(=O)=O)cc2)=O)cc(Cl)cc1,0,COc1ccc(Cl)cc1C(=O)NCCc1ccc(S(=O)(=O)NC(=O)NC2CCCCC2)cc1,3.641700000000003,494.0130000000003,8.0,5.0,3.0,3.0,113.6
hERG458,c1cc2c(Sc(c3N2)cccc3)cc1,0,c1ccc2c(c1)Nc1ccccc1S2,3.894800000000001,199.278,0.0,2.0,1.0,3.0,12.03
hERG459,O=[N+](c1c(Cl)c(Cl)c(Cl)cc1)[O-],0,O=[N+]([O-])c1ccc(Cl)c(Cl)c1Cl,3.5550000000000006,226.44599999999997,1.0,2.0,0.0,1.0,43.14
hERG460,CN(C1C(N2CCCC2)CC3(OCCC3)CC1)C(Cc4cc(Cl)c(Cl)cc4)=O,0,CN(C(=O)Cc1ccc(Cl)c(Cl)c1)C1CCC2(CCCO2)CC1N1CCCC1,4.560400000000004,425.40000000000043,4.0,3.0,0.0,4.0,32.78
hERG461,NC(CNCCC(c1ccccc1)c2ccccc2)=O,0,NC(=O)CNCCC(c1ccccc1)c1ccccc1,2.2835,268.36,7.0,2.0,2.0,2.0,55.120000000000005
hERG462,C[Hg]Cl,0,C[Hg]Cl,1.2708,251.078,0.0,0.0,0.0,0.0,0.0
hERG463,NC(C(O)=O)Cc1cc(c2c(CP(O)(O)=O)cccc2)ccc1,0,NC(Cc1cccc(-c2ccccc2CP(=O)(O)O)c1)C(=O)O,1.9856999999999998,335.296,6.0,3.0,4.0,2.0,120.85000000000001
hERG464,CCCN(c1c([N+]([O-])=O)cc(C(F)(F)F)cc1[N+]([O-])=O)CCC,0,CCCN(CCC)c1c([N+](=O)[O-])cc(C(F)(F)F)cc1[N+](=O)[O-],4.148200000000004,335.28200000000004,7.0,5.0,0.0,1.0,89.52
hERG465,CCC(C(c1cc(O)c(O)cc1)O)NC(C)C,0,CCC(NC(C)C)C(O)c1ccc(O)c(O)c1,1.9077999999999997,239.315,5.0,4.0,4.0,1.0,72.72
hERG466,CCCN1C(=O)N(CCCOC(c2ccc(S(F)(=O)=O)cc2)=O)c(c3C1=O)[nH]c(C4CCCC4)n3,0,CCCn1c(=O)c2nc(C3CCCC3)[nH]c2n(CCCOC(=O)c2ccc(S(=O)(=O)F)cc2)c1=O,2.8592000000000013,506.55600000000027,9.0,9.0,1.0,4.0,133.11999999999998
hERG467,CCCCCCCCC=CCCCCCCCC(NCCc1cc(O)c(O)cc1)=O,0,CCCCCCCCC=CCCCCCCCC(=O)NCCc1ccc(O)c(O)c1,6.7940000000000085,417.63400000000007,18.0,3.0,3.0,1.0,69.56
hERG468,O=C(c1c(c2[nH]c1)cccc2)OCCN3CCCCC3,0,O=C(OCCN1CCCCC1)c1c[nH]c2ccccc12,2.810600000000001,272.348,4.0,3.0,1.0,3.0,45.33
hERG470,CCN(C(NC1CN(C)C(C2C1)Cc(c(c23)c4ccc3)c[nH]4)=O)CC,0,CCN(CC)C(=O)NC1CC2c3cccc4[nH]cc(c34)CC2N(C)C1,2.931700000000001,340.4710000000002,3.0,2.0,2.0,4.0,51.370000000000005
hERG471,CCCCCCCCCCCCCCCC(OC(C[N+](C)(C)C)CC(O)=O)=O,0,CCCCCCCCCCCCCCCC(=O)OC(CC(=O)O)C[N+](C)(C)C,5.560400000000005,400.62400000000014,19.0,3.0,1.0,0.0,63.60000000000001
hERG472,CCN1C(CNC(c2c(OC)c(Cl)cc(Cl)c2O)=O)CCC1,0,CCN1CCCC1CNC(=O)c1c(O)c(Cl)cc(Cl)c1OC,2.9217000000000013,347.2420000000001,5.0,4.0,2.0,2.0,61.80000000000001
hERG473,c1ccc(Nc2ccc(Nc3ccccc3)cc2)cc1,0,c1ccc(Nc2ccc(Nc3ccccc3)cc2)cc1,5.1738000000000035,260.34000000000003,4.0,2.0,2.0,3.0,24.06
hERG474,CCCN(CCc1cc(O)c(O)cc1)CCC,0,CCCN(CCC)CCc1ccc(O)c(O)c1,2.7623000000000024,237.343,7.0,3.0,2.0,1.0,43.7
hERG475,CCN(CCNC(c1ccc(NC(=O)C)cc1)=O)CC,0,CCN(CC)CCNC(=O)c1ccc(NC(C)=O)cc1,1.7165999999999995,277.368,7.0,3.0,2.0,1.0,61.440000000000005
hERG476,O=C(OCc1ccccc1)NC(C(CCl)=O)Cc2ccccc2,0,O=C(NC(Cc1ccccc1)C(=O)CCl)OCc1ccccc1,3.3320000000000016,331.799,7.0,3.0,1.0,2.0,55.400000000000006
hERG477,COc1c(O)ccc(CNC(CCCCCCC(C)C)=O)c1,0,COc1cc(CNC(=O)CCCCCCC(C)C)ccc1O,4.013600000000004,307.43399999999997,10.0,3.0,2.0,1.0,58.56
hERG478,Cc1c(C=CC(NCC2)=N2)cccc1,0,Cc1ccccc1C=CC1=NCCN1,2.00992,186.25799999999998,2.0,2.0,1.0,2.0,24.39
hERG479,CN1CC(c2ccccc2)c(c3C1)cccc3N,0,CN1Cc2c(N)cccc2C(c2ccccc2)C1,2.8461000000000016,238.334,1.0,2.0,1.0,3.0,29.259999999999998
hERG480,c1cc(c2cc1)nc(SSc3sc(c4n3)cccc4)s2,0,c1ccc2sc(SSc3nc4ccccc4s3)nc2c1,5.705400000000002,332.50000000000006,3.0,6.0,0.0,4.0,25.78
hERG481,Brc1cc(Br)c(Oc2c(Br)cc(Br)c(Br)c2)cc1,0,Brc1ccc(Oc2cc(Br)c(Br)cc2Br)c(Br)c1,7.291400000000002,564.691,2.0,1.0,0.0,2.0,9.23
hERG482,Clc1ccc(C(C(Cl)Cl)c2ccc(Cl)cc2)cc1,0,Clc1ccc(C(c2ccc(Cl)cc2)C(Cl)Cl)cc1,5.929000000000002,320.04600000000005,3.0,0.0,0.0,2.0,0.0
hERG483,CC(c1ccc(OCC2OC2)cc1)(C)C,0,CC(C)(C)c1ccc(OCC2CO2)cc1,2.761700000000001,206.28499999999997,3.0,2.0,0.0,2.0,21.759999999999998
hERG484,C=CCN1CC(c2ccccc2)c(c3CC1)cc(O)c(O)c3,0,C=CCN1CCc2cc(O)c(O)cc2C(c2ccccc2)C1,3.2738000000000023,295.38200000000006,3.0,3.0,2.0,3.0,43.7
hERG485,CNC(C1C(O)C(O)C(n2c3c(c(NCc4ccc(I)cc4)nc(Cl)n3)nc2)O1)=O,0,CNC(=O)C1OC(n2cnc3c(NCc4ccc(I)cc4)nc(Cl)nc32)C(O)C1O,1.061599999999999,544.7370000000002,5.0,9.0,4.0,4.0,134.42
hERG486,CC(O)=O,0,CC(=O)O,0.09089999999999993,60.05200000000001,0.0,1.0,1.0,0.0,37.3
hERG487,CC(COC(OCN1C(=O)CN(CCN2CC(=O)N(COC(OCC(C)C)=O)C(=O)C2)CC1=O)=O)C,0,CC(C)COC(=O)OCN1C(=O)CN(CCN2CC(=O)N(COC(=O)OCC(C)C)C(=O)C2)CC1=O,-0.13859999999999673,514.5320000000004,11.0,12.0,0.0,2.0,152.3
hERG488,NCCNC(c1c(c2cc(F)ccc2)scn1)=O,0,NCCNC(=O)c1ncsc1-c1cccc(F)c1,1.6377000000000002,265.313,4.0,4.0,2.0,2.0,68.00999999999999
hERG489,COc1c(OC)cc2c(CCN(C2=C3)C(=O)N(C)C3=Nc4c(C)cc(C)cc4C)c1,0,COc1cc2c(cc1OC)-c1cc(=Nc3c(C)cc(C)cc3C)n(C)c(=O)n1CC2,3.584760000000002,405.4980000000002,3.0,6.0,0.0,4.0,57.75
hERG490,CCCCCOC(c1c(C(OCCCCC)=O)cccc1)=O,0,CCCCCOC(=O)c1ccccc1C(=O)OCCCCC,4.380600000000004,306.4020000000001,10.0,4.0,0.0,1.0,52.60000000000001
hERG492,CC(c1c(O)c(C(C)(C)C)cc(C=C(C#N)C#N)c1)(C)C,0,CC(C)(C)c1cc(C=C(C#N)C#N)cc(C(C)(C)C)c1O,4.417760000000005,282.387,1.0,3.0,1.0,1.0,67.81
hERG493,CCCCCCCCN1C(=O)C=CS1,0,CCCCCCCCn1sccc1=O,3.2703000000000024,213.346,7.0,3.0,0.0,1.0,22.0
hERG494,CC(Nc1ccc(Nc2ccccc2)cc1)C,0,CC(C)Nc1ccc(Nc2ccccc2)cc1,4.250500000000002,226.323,4.0,2.0,2.0,2.0,24.06
hERG495,CCCCOCCOP(OCCOCCCC)(OCCOCCCC)=O,0,CCCCOCCOP(=O)(OCCOCCCC)OCCOCCCC,4.594400000000005,398.47700000000026,21.0,7.0,0.0,0.0,72.45000000000002
hERG496,CCn1c(CC2Oc(c3OC2)cccc3)ncc1,0,CCn1ccnc1CC1COc2ccccc2O1,2.2855,244.29399999999998,3.0,4.0,0.0,3.0,36.28
hERG497,Cc1c(CC(NCC2)=N2)c(c3s1)cccc3,0,Cc1sc2ccccc2c1CC1=NCCN1,2.753920000000001,230.33599999999993,2.0,3.0,1.0,3.0,24.39
hERG498,CCOc1cc(c2cc1)sc(N)n2,0,CCOc1ccc2nc(N)sc2c1,2.2771999999999997,194.259,2.0,4.0,1.0,2.0,48.14
hERG499,NC(NC(=O)C(=C12)N=CC(=O)N1)=N2,0,Nc1nc2[nH]c(=O)cnc2c(=O)[nH]1,-1.4114000000000007,179.13899999999998,0.0,5.0,3.0,2.0,117.51999999999998
hERG500,CC(N(C)C)CN1c(c2Sc(c13)cccc3)cccc2,0,CC(CN1c2ccccc2Sc2ccccc21)N(C)C,4.239400000000003,284.428,3.0,3.0,0.0,3.0,6.48
hERG501,CCCCCCCCCCCC=CC(C=CCCCC(O)=O)(C)C,0,CCCCCCCCCCCC=CC(C)(C)C=CCCCC(=O)O,7.300800000000008,336.5600000000002,16.0,1.0,1.0,0.0,37.3
hERG502,N=C1c(c2C(=N)N1)cc(c3c2)cccc3,0,N=C1NC(=N)c2cc3ccccc3cc21,2.0937400000000004,195.225,0.0,2.0,3.0,3.0,59.730000000000004
hERG503,CCCCCCCCCCCCCCCC(C(CO)N)O,0,CCCCCCCCCCCCCCCC(O)C(N)CO,4.148200000000003,301.515,16.0,3.0,3.0,0.0,66.48
hERG504,CN1CC(=O)N(Cc2cc3c(c(c4C3)[nH]nc4c5cc(C#CCOc6ccccc6)sc5)cc2)CC1,0,CN1CCN(Cc2ccc3c(c2)Cc2c(-c4csc(C#CCOc5ccccc5)c4)n[nH]c2-3)C(=O)C1,4.4139000000000035,494.62000000000023,5.0,5.0,1.0,6.0,61.46
hERG505,NCCNS(c1c(c2ccc1)cccc2Cl)(=O)=O,0,NCCNS(=O)(=O)c1cccc2c(Cl)cccc12,1.7302000000000004,284.76800000000003,4.0,3.0,2.0,2.0,72.19
hERG506,COc1ccc(C2C(OC(=O)C)C(=O)N(CCN(C)C)c(c3S2)cccc3)cc1,0,COc1ccc(C2Sc3ccccc3N(CCN(C)C)C(=O)C2OC(C)=O)cc1,3.368500000000002,414.52700000000016,6.0,6.0,0.0,3.0,59.080000000000005
hERG507,Oc1c(O)c2c(C(C3(O)CO2)c(c4C3)cc(O)c(O)c4)cc1,0,Oc1cc2c(cc1O)C1c3ccc(O)c(O)c3OCC1(O)C2,1.3204999999999993,302.2820000000001,0.0,6.0,5.0,4.0,110.38000000000001
hERG508,ClC(C(C(Cl)(Cl)C12Cl)(Cl)C(C13)C(CC34)C=C4)=C2Cl,0,ClC1=C(Cl)C2(Cl)C3C4C=CC(C4)C3C1(Cl)C2(Cl)Cl,5.270200000000002,364.914,0.0,0.0,0.0,4.0,0.0
hERG509,CC(NC(C(OCc1cc(C(F)(F)F)cc(C(F)(F)F)c1)=O)Cc2c(c3[nH]c2)cccc3)=O,0,CC(=O)NC(Cc1c[nH]c2ccccc12)C(=O)OCc1cc(C(F)(F)F)cc(C(F)(F)F)c1,4.996100000000003,472.3850000000001,6.0,3.0,2.0,3.0,71.19
hERG510,CCCCCCCCCc1ccc(O)cc1,0,CCCCCCCCCc1ccc(O)cc1,4.685300000000005,220.35600000000002,8.0,1.0,1.0,1.0,20.23
hERG511,Nc1nc(SCc2ccc([N+]([O-])=O)cc2)c3c(n(C4C(O)C(O)C(CO)O4)cn3)n1,0,Nc1nc(SCc2ccc([N+](=O)[O-])cc2)c2ncn(C3OC(CO)C(O)C3O)c2n1,0.22049999999999959,434.43400000000014,6.0,12.0,4.0,4.0,182.68
hERG512,COc1c2c(C(C(C34)(O)CCC5=O)(C5O2)CCN3CC6CC6)c(C4)cc1,0,COc1ccc2c3c1OC1C(=O)CCC4(O)C(C2)N(CC2CC2)CCC314,1.8284,355.4340000000002,3.0,5.0,1.0,6.0,59.00000000000001
hERG513,CCC(C(OC1C(C2=CC(C)C1)C(CCC3OC(=O)CC(O)C3)C(C)C=C2)=O)C,0,CCC(C)C(=O)OC1CC(C)C=C2C=CC(C)C(CCC3CC(O)CC(=O)O3)C21,4.195500000000004,404.54700000000025,6.0,5.0,1.0,3.0,72.83
hERG514,CC(CCOC(C=Cc1ccccc1)=O)C,0,CC(C)CCOC(=O)C=Cc1ccccc1,3.289100000000002,218.29600000000002,5.0,2.0,0.0,1.0,26.3
hERG515,c1ccc(Nc2cc(c3cc2)cccc3)cc1,0,c1ccc(Nc2ccc3ccccc3c2)cc1,4.583400000000002,219.287,2.0,1.0,1.0,3.0,12.03
hERG516,Oc1c(Cl)c(Cl)c(Cl)cc1,0,Oc1ccc(Cl)c(Cl)c1Cl,3.3524000000000003,197.448,0.0,1.0,1.0,1.0,20.23
hERG517,COc1c(c2cc(F)c1N3CC(C4C3)NCCC4)N(C5CC5)C=C(C(O)=O)C2=O,0,COc1c(N2CC3CCCNC3C2)c(F)cc2c(=O)c(C(=O)O)cn(C3CC3)c12,2.3705000000000007,401.4380000000002,4.0,6.0,2.0,5.0,83.80000000000001
hERG518,CN(c1ccc(C(=C2C=CC(=[N+](C)C)C=C2)c3ccc(N(C)C)cc3)cc1)C,0,CN(C)c1ccc(C(=C2C=CC(=[N+](C)C)C=C2)c2ccc(N(C)C)cc2)cc1,4.4596000000000044,372.53600000000006,4.0,2.0,0.0,3.0,9.49
hERG519,O=C(N1C(CN2CCCC2)CCCC1)Cc3cc(Cl)c(Cl)cc3,0,O=C(Cc1ccc(Cl)c(Cl)c1)N1CCCCC1CN1CCCC1,4.012800000000003,355.3090000000002,4.0,2.0,0.0,3.0,23.550000000000004
hERG520,CC(Cc1ccc(C(C)(C)C)cc1)C=O,0,CC(C=O)Cc1ccc(C(C)(C)C)cc1,3.361600000000002,204.313,3.0,1.0,0.0,1.0,17.07
hERG521,COc1c(OC)c2c(C(C3N(C)CCc(c34)cc5c(OCO5)c4)OC2=O)cc1,0,COc1ccc2c(c1OC)C(=O)OC2C1c2cc3c(cc2CCN1C)OCO3,2.8732000000000015,383.4000000000002,3.0,7.0,0.0,5.0,66.46000000000001
hERG522,Brc1cc(Br)c(Oc2c(Br)cc(Br)cc2)cc1,0,Brc1ccc(Oc2ccc(Br)cc2Br)c(Br)c1,6.528900000000002,485.795,2.0,1.0,0.0,2.0,9.23
hERG523,C[n+]1c(c2c(c3c1)ccc4c3OCO4)c(c5cc2)cc6c(OCO6)c5,0,C[n+]1cc2c3c(ccc2c2ccc4cc5c(cc4c21)OCO5)OCO3,3.4281000000000015,332.33500000000015,0.0,4.0,0.0,6.0,40.8
hERG524,CCCCOC(c1c(C(OCCCC)=O)cccc1)=O,0,CCCCOC(=O)c1ccccc1C(=O)OCCCC,3.600400000000003,278.348,8.0,4.0,0.0,1.0,52.60000000000001
hERG525,CC(=CC=O)C=CC=C(C=CC(C(C)(C)CCC1)=C1C)C,0,CC(C=CC=C(C)C=CC1=C(C)CCCC1(C)C)=CC=O,5.716900000000005,284.4429999999999,5.0,1.0,0.0,1.0,17.07
hERG526,[O-][N+](c1ccccc1)=Nc2ccccc2,0,[O-][N+](=Nc1ccccc1)c1ccccc1,3.612300000000002,198.225,2.0,2.0,0.0,2.0,38.43
hERG527,CN1CC(c2cc(Cl)ccc2)c(c3CC1)cc(O)c(O)c3Cl,0,CN1CCc2c(cc(O)c(O)c2Cl)C(c2cccc(Cl)c2)C1,4.024400000000003,338.23400000000004,1.0,3.0,2.0,3.0,43.7
hERG528,Oc1c(Cc2ccccc2)cc(Cl)cc1,0,Oc1ccc(Cl)cc1Cc1ccccc1,3.6364000000000027,218.68300000000002,2.0,1.0,1.0,2.0,20.23
hERG529,O=C(C(CN(CCON=C(c1ccccc1)c2ccccc2)CC3)=C3)O,0,O=C(O)C1=CCCN(CCON=C(c2ccccc2)c2ccccc2)C1,3.1723000000000017,350.4180000000001,7.0,4.0,1.0,3.0,62.129999999999995
hERG530,CCC(c1ccccc1)NC(c2c(c3nc(c4ccccc4)c2C)cccc3)=O,0,CCC(NC(=O)c1c(C)c(-c2ccccc2)nc2ccccc12)c1ccccc1,6.091320000000005,380.4910000000001,5.0,2.0,1.0,4.0,41.99
hERG531,O=C1Oc2c(c(OCCCCc3ccccc3)c(c4c2)cco4)C=C1,0,O=c1ccc2c(OCCCCc3ccccc3)c3ccoc3cc2o1,4.940900000000004,334.3710000000001,6.0,4.0,0.0,4.0,52.58
hERG532,NC(C(O)=O)Cc1ccc(F)cc1,0,NC(Cc1ccc(F)cc1)C(=O)O,0.7801,183.182,3.0,2.0,2.0,1.0,63.32000000000001
hERG533,CC(COC(c1c(C(OCC(C)C)=O)cccc1)=O)C,0,CC(C)COC(=O)c1ccccc1C(=O)OCC(C)C,3.3122000000000025,278.348,6.0,4.0,0.0,1.0,52.60000000000001
hERG534,OC(C1CCCCC1)(c2ccccc2)CCN3CCCCC3,0,OC(CCN1CCCCC1)(c1ccccc1)C1CCCCC1,4.330500000000004,301.47400000000016,5.0,2.0,1.0,3.0,23.47
hERG536,CC(COC(COc1c(Cl)cc(Cl)c(Cl)c1)=O)C,0,CC(C)COC(=O)COc1cc(Cl)c(Cl)cc1Cl,4.224800000000003,311.592,5.0,3.0,0.0,1.0,35.53
hERG537,Clc1c(Cl)nc(c2n1)cccc2,0,Clc1nc2ccccc2nc1Cl,2.9366000000000003,199.03999999999996,0.0,2.0,0.0,2.0,25.78
hERG538,CC(O[Hg]c1ccccc1)=O,0,CC(=O)O[Hg]c1ccccc1,0.8725,336.74000000000007,2.0,2.0,0.0,1.0,26.3
hERG539,CC(c1ccc(OCC2OC2)cc1)(c3ccc(OCC4OC4)cc3)C,0,CC(C)(c1ccc(OCC2CO2)cc1)c1ccc(OCC2CO2)cc1,3.567700000000002,340.4190000000001,8.0,4.0,0.0,4.0,43.519999999999996
hERG540,CC([N+](C)(C)C)COc1ccc(C=Cc2ccccc2)cc1,0,CC(COc1ccc(C=Cc2ccccc2)cc1)[N+](C)(C)C,4.330500000000003,296.4340000000001,6.0,1.0,0.0,2.0,9.23
hERG541,C1CCC(N=C(N2CCOCC2)NC3(CC4C5)CC(CC5C3)C4)CC1,0,C1CCC(N=C(NC23CC4CC(CC(C4)C2)C3)N2CCOCC2)CC1,3.5657000000000023,345.53100000000023,2.0,2.0,1.0,6.0,36.86
hERG542,CCC1C2=C(C(CC)Cc(c23)cc(O)cc3)c(c4C1)ccc(O)c4,0,CCC1Cc2cc(O)ccc2C2=C1c1ccc(O)cc1CC2CC,5.173200000000005,320.43200000000013,2.0,2.0,2.0,4.0,40.46
hERG544,OC(C(Cl)(Cl)Cl)(c1ccc(Cl)cc1)c2ccc(Cl)cc2,0,OC(c1ccc(Cl)cc1)(c1ccc(Cl)cc1)C(Cl)(Cl)Cl,5.599500000000002,370.49,2.0,1.0,1.0,2.0,20.23
hERG545,CN1CC(N2CC1)c(c3Cc(c24)cccc4)cccc3,0,CN1CCN2c3ccccc3Cc3ccccc3C2C1,3.0839000000000016,264.372,0.0,2.0,0.0,4.0,6.48
hERG546,Oc1c(Br)c(Br)c(Br)c(Br)c1Br,0,Oc1c(Br)c(Br)c(Br)c(Br)c1Br,5.204700000000001,488.593,0.0,1.0,1.0,1.0,20.23
hERG547,CC1(C(O)CC2)C2C3C(C(C)(C4CC3)CCC(=O)C4)CC1,0,CC12CCC3C(CCC4CC(=O)CCC43C)C1CCC2O,3.9591000000000034,290.44699999999995,0.0,2.0,1.0,4.0,37.3
hERG548,C#CCN(CCCOc1c(Cl)cc(Cl)cc1)C,0,C#CCN(C)CCCOc1ccc(Cl)cc1Cl,3.327300000000002,272.175,6.0,2.0,0.0,1.0,12.47
hERG549,Clc1ccc(C([n+]2cn(CC(c3c(Cl)cc(Cl)cc3)OCc4c(Cl)cc(Cl)cc4)cc2)c5ccc(Cl)cc5)cc1,0,Clc1ccc(C(c2ccc(Cl)cc2)[n+]2ccn(CC(OCc3ccc(Cl)cc3Cl)c3ccc(Cl)cc3Cl)c2)cc1,10.29179999999999,652.2560000000002,9.0,2.0,0.0,5.0,18.04
hERG550,c1ccc(SCCSc2ccccc2)cc1,0,c1ccc(SCCSc2ccccc2)cc1,4.571000000000003,246.40000000000003,5.0,2.0,0.0,2.0,0.0
hERG551,CC(CN1c(c2CC1)cc(Br)cc2)N,0,CC(N)CN1CCc2ccc(Br)cc21,2.1588000000000003,255.159,2.0,2.0,1.0,2.0,29.259999999999998
hERG552,CCC1(CN2CC(CC(c3c(OC)cc4c(C5(C(N6CC5)C7(CC)C=CC6)C(C(C(OC)=O)(O)C7OC(=O)C)N4C)c3)(C(OC)=O)c(c8CC2)[nH]c(c89)cccc9)C1)O,0,CCC1(O)CC2CN(CCc3c([nH]c4ccccc34)C(C(=O)OC)(c3cc4c(cc3OC)N(C)C3C(O)(C(=O)OC)C(OC(C)=O)C5(CC)C=CCN6CCC43C65)C2)C1,3.9909000000000034,810.9889999999998,7.0,12.0,3.0,9.0,154.10000000000002
hERG553,CN1C(C2CC(C(NC3(C(=O)N(C4(O)O3)C(Cc5ccccc5)C(=O)N(C46)CCC6)C)=O)C1)Cc(c(c27)c8ccc7)c[nH]8,0,CN1CC(C(=O)NC2(C)OC3(O)C4CCCN4C(=O)C(Cc4ccccc4)N3C2=O)CC2c3cccc4[nH]cc(c34)CC21,2.0811000000000024,583.6890000000001,4.0,6.0,3.0,8.0,118.21000000000001
hERG554,c1ccc(CSCc2ccccc2)cc1,0,c1ccc(CSCc2ccccc2)cc1,4.120000000000003,214.33300000000006,4.0,1.0,0.0,2.0,0.0
hERG555,CCOP(SCSC(C)(C)C)(OCC)=S,0,CCOP(=S)(OCC)SCSC(C)(C)C,4.506300000000004,288.44,7.0,5.0,0.0,0.0,18.46
hERG556,O=C(c1ccc(OCCN2CCCCC2)cc1)c3c(c4ccc(O)cc4)sc(c35)cc(O)cc5,0,O=C(c1ccc(OCCN2CCCCC2)cc1)c1c(-c2ccc(O)cc2)sc2cc(O)ccc12,6.075200000000007,473.5940000000001,7.0,6.0,2.0,5.0,70.0
hERG557,NCCNc1c(c2ccc1)cccc2,0,NCCNc1cccc2ccccc12,2.2104,186.25799999999998,3.0,2.0,2.0,2.0,38.05
hERG558,Brc1ccc(C2N=C(N3C2)SCC3)cc1,0,Brc1ccc(C2CN3CCSC3=N2)cc1,2.9086000000000007,283.19399999999996,1.0,3.0,0.0,3.0,15.6
hERG559,CC1NC(C)CN(c2c(F)c(c3c(N)c2F)N(C4CC4)C=C(C(O)=O)C3=O)C1,0,CC1CN(c2c(F)c(N)c3c(=O)c(C(=O)O)cn(C4CC4)c3c2F)CC(C)N1,2.0816,392.4060000000002,3.0,6.0,3.0,4.0,100.59
hERG560,Brc1c(c2ccccc2)cccc1,0,Brc1ccccc1-c1ccccc1,4.116100000000002,233.108,1.0,0.0,0.0,2.0,0.0
hERG561,CN1CC(c2ccccc2)c(c3CC1)cc(O)c(O)c3,0,CN1CCc2cc(O)c(O)cc2C(c2ccccc2)C1,2.717600000000001,269.34400000000005,1.0,3.0,2.0,3.0,43.7
hERG562,O=C(c1c(O)cccc1)Oc2ccccc2,0,O=C(Oc1ccccc1)c1ccccc1O,2.611400000000001,214.21999999999997,2.0,3.0,1.0,2.0,46.53
hERG563,O=[N+](c1c(c2ccccc2)cccc1)[O-],0,O=[N+]([O-])c1ccccc1-c1ccccc1,3.261800000000002,199.209,2.0,2.0,0.0,2.0,43.14
hERG564,CCCN1C(C2CCC1)Cc(c3C2)c[nH]n3,0,CCCN1CCCC2Cc3n[nH]cc3CC21,1.9989000000000001,219.332,2.0,2.0,1.0,3.0,31.92
hERG565,c1cc2c(c(c3cc2)cccc3)cc1,0,c1ccc2c(c1)ccc1ccccc12,3.993000000000002,178.23399999999998,0.0,0.0,0.0,3.0,0.0
hERG566,CC(c1cc(Br)c(O)c(Br)c1)(c2cc(Br)c(O)c(Br)c2)C,0,CC(C)(c1cc(Br)c(O)c(Br)c1)c1cc(Br)c(O)c(Br)c1,6.4737000000000045,543.875,2.0,2.0,2.0,2.0,40.46
hERG567,CCCCOCCOCCOCc1c(CCC)cc2c(OCO2)c1,0,CCCCOCCOCCOCc1cc2c(cc1CCC)OCO2,3.7177000000000024,338.44400000000013,13.0,5.0,0.0,2.0,46.150000000000006
hERG568,O=S1OCC2C(C(C(Cl)(Cl)C23Cl)(Cl)C(Cl)=C3Cl)CO1,0,O=S1OCC2C(CO1)C1(Cl)C(Cl)=C(Cl)C2(Cl)C1(Cl)Cl,3.689800000000001,406.9290000000001,0.0,3.0,0.0,3.0,35.53
hERG569,CC(NC(C1N(CC(C(NC(C(NC(c2nc(c3cc2)cccc3)=O)CC(=O)N)=O)Cc4ccccc4)O)CC(C5C1)CCCC5)=O)(C)C,0,CC(C)(C)NC(=O)C1CC2CCCCC2CN1CC(O)C(Cc1ccccc1)NC(=O)C(CC(N)=O)NC(=O)c1ccc2ccccc2n1,3.092400000000003,670.855,12.0,7.0,5.0,5.0,166.75
hERG571,CCOC(C(Oc1ccc(Cl)cc1)(C)C)=O,0,CCOC(=O)C(C)(C)Oc1ccc(Cl)cc1,3.060500000000001,242.702,4.0,3.0,0.0,1.0,35.53
hERG572,CCOC(C1C(c2ccccc2)O1)=O,0,CCOC(=O)C1OC1c1ccccc1,1.6895999999999998,192.214,3.0,3.0,0.0,2.0,38.83
hERG573,O=S(C1CCNCC1)(O)=O,0,O=S(=O)(O)C1CCNCC1,-0.3737999999999999,165.21399999999997,1.0,3.0,2.0,1.0,66.4
hERG574,NC(C(O)=O)CO,0,NC(CO)C(=O)O,-1.6093999999999997,105.09299999999999,2.0,3.0,3.0,0.0,83.55
hERG575,c1ccc(Nc2c(c3ccc2)cccc3)cc1,0,c1ccc(Nc2cccc3ccccc23)cc1,4.583400000000003,219.287,2.0,1.0,1.0,3.0,12.03
hERG576,Cc1c(N)ccc([N+]([O-])=O)c1,0,Cc1cc([N+](=O)[O-])ccc1N,1.4854199999999997,152.153,1.0,3.0,1.0,1.0,69.16
hERG577,c1cc2c(CC(N3CCN(c4c5c(OCCO5)ccc4)CC3)C2)cc1,0,c1ccc2c(c1)CC(N1CCN(c3cccc4c3OCCO4)CC1)C2,2.747200000000001,336.4350000000002,2.0,4.0,0.0,5.0,24.94
hERG578,Cc1c(OCC(C(C)C)N)c(C)ccc1,0,Cc1cccc(C)c1OCC(N)C(C)C,2.665540000000001,207.31699999999998,4.0,2.0,1.0,1.0,35.25
hERG579,Cc1c(c2[nH]n1)cc(c3cc(OCC(Cc4ccccc4)N)cnc3)cc2,0,Cc1n[nH]c2ccc(-c3cncc(OCC(N)Cc4ccccc4)c3)cc12,3.8821200000000022,358.445,6.0,4.0,2.0,4.0,76.82
hERG580,CCN(CCOCCOC(C1(CCCC1)c2ccccc2)=O)CC,0,CCN(CC)CCOCCOC(=O)C1(c2ccccc2)CCCC1,3.400000000000002,333.47200000000015,10.0,4.0,0.0,2.0,38.77
hERG581,C=C1C(C(Cl)(Cl)C2(Cl)C1(CCl)CCl)(Cl)C(Cl)C2Cl,0,C=C1C(CCl)(CCl)C2(Cl)C(Cl)C(Cl)C1(Cl)C2(Cl)Cl,5.377700000000002,411.7980000000001,2.0,0.0,0.0,2.0,0.0
hERG582,COc1cc2c(CC3C(C24CCN3)CCCC4)cc1,0,COc1ccc2c(c1)C13CCCCC1C(C2)NCC3,3.041200000000001,257.37699999999995,1.0,2.0,1.0,4.0,21.259999999999998
hERG583,NC(NCCCC(C(O)=O)N)=S,0,NC(=S)NCCCC(N)C(=O)O,-0.9882999999999995,191.256,5.0,3.0,4.0,0.0,101.36999999999999
hERG584,Cn1c(c2ccc(OCC(CNCCOc3cc(C(=O)N)c(O)cc3)O)cc2)nc(C(F)(F)F)c1,0,Cn1cc(C(F)(F)F)nc1-c1ccc(OCC(O)CNCCOc2ccc(O)c(C(N)=O)c2)cc1,2.3186999999999998,494.4700000000003,11.0,8.0,4.0,3.0,131.86
hERG585,Cc1c(c(c(c2ccc3)c3cc4)c4cc1)cc2,0,Cc1ccc2ccc3cccc4ccc1c2c34,4.892420000000002,216.283,0.0,0.0,0.0,4.0,0.0
hERG586,COCC(COc1c(C)c(n2c1)c(Oc3c(F)c(c4cc3)cc(C)[nH]4)ncn2)O,0,COCC(O)COc1cn2ncnc(Oc3ccc4[nH]c(C)cc4c3F)c2c1C,3.144940000000002,400.4100000000002,7.0,7.0,2.0,4.0,93.9
hERG587,N=C(c1ccccc1)N,0,N=C(N)c1ccccc1,0.9706700000000004,120.15499999999996,1.0,1.0,2.0,1.0,49.870000000000005
hERG588,COc1c(OCCNCC2Oc(c3OC2)cccc3)c(OC)ccc1,0,COc1cccc(OC)c1OCCNCC1COc2ccccc2O1,2.512200000000001,345.39500000000004,8.0,6.0,1.0,3.0,58.18000000000001
hERG589,COc1c(I)cc(OC)c(CC(N)C)c1,0,COc1cc(CC(C)N)c(OC)cc1I,2.1981,321.158,4.0,3.0,1.0,1.0,44.480000000000004
hERG590,C#CCOC(C(CN(C)CC1)=C1)=O,0,C#CCOC(=O)C1=CCCN(C)C1,0.4247000000000001,179.21899999999997,2.0,3.0,0.0,1.0,29.54
hERG591,CC(CC(c1ccc(OCCO)cc1)(C)C)(C)C,0,CC(C)(C)CC(C)(C)c1ccc(OCCO)cc1,3.7715000000000023,250.38199999999998,5.0,2.0,1.0,1.0,29.46
hERG592,CC(C1C(C)(C2CC1)CCC(C23)C(C)(C4CC3)CCC(O)C4)CCC(O)=O,0,CC(CCC(=O)O)C1CCC2C3CCC4CC(O)CCC4(C)C3CCC12C,5.507100000000006,376.5810000000002,4.0,2.0,2.0,4.0,57.53
hERG593,Nc1c(C(OCCc2ccccc2)=O)cccc1,0,Nc1ccccc1C(=O)OCCc1ccccc1,2.6683000000000012,241.29,4.0,3.0,1.0,2.0,52.32000000000001
hERG594,CC1CCN(CCC2N(S(c3cc(O)ccc3)(=O)=O)CCC2)CC1,0,CC1CCN(CCC2CCCN2S(=O)(=O)c2cccc(O)c2)CC1,2.667300000000001,352.5000000000001,5.0,4.0,1.0,3.0,60.85000000000001
hERG595,CC(c1ccc(C(CCCN2CCC(C(c3ccccc3)(c4ccccc4)O)CC2)O)cc1)(C(O)=O)C,0,CC(C)(C(=O)O)c1ccc(C(O)CCCN2CCC(C(O)(c3ccccc3)c3ccccc3)CC2)cc1,5.510500000000006,501.66700000000014,10.0,4.0,3.0,4.0,81.0
hERG596,C=CCN1C(C2(O)C(C3C(=NN=C4C5C6(C(C7N(CC=C)CC6)(O)CC4)c(c8C7)c(O5)c(O)cc8)CC2)(c(c9ccc%10O)c%10O3)CC1)C9,0,C=CCN1CCC23c4c5ccc(O)c4OC2C(=NN=C2CCC4(O)C6Cc7ccc(O)c8c7C4(CCN6CC=C)C2O8)CCC3(O)C1C5,3.2752000000000026,650.7760000000003,5.0,10.0,4.0,10.0,130.58
hERG597,Oc1c(Sc2c(O)ccc(Cl)c2)cc(Cl)cc1,0,Oc1ccc(Cl)cc1Sc1cc(Cl)ccc1O,4.555800000000003,287.16700000000003,2.0,3.0,2.0,2.0,40.46
hERG598,CN(CCCCSC(N)=N)C,0,CN(C)CCCCSC(=N)N,0.9548699999999999,175.30100000000002,5.0,3.0,2.0,0.0,53.11
hERG599,c1ccc(N=NNc2ccccc2)cc1,0,c1ccc(N=NNc2ccccc2)cc1,3.7974000000000014,197.24100000000004,3.0,2.0,1.0,2.0,36.75
hERG600,Nc1c(N)cc(Cl)cc1,0,Nc1ccc(Cl)cc1N,1.5044,142.589,0.0,2.0,2.0,1.0,52.04
hERG601,Cc1c(c2c(C)c(c13)c(c4[nH]3)cccc4)ccnc2,0,Cc1c2ccncc2c(C)c2c1[nH]c1ccccc12,4.4861400000000025,246.31300000000002,0.0,1.0,1.0,4.0,28.68
hERG602,CC1N(C2CNC1)c(c3C2)nc(Cl)cc3,0,CC1CNCC2Cc3ccc(Cl)nc3N12,1.4577999999999995,223.707,0.0,3.0,1.0,3.0,28.160000000000004
hERG603,OCCN1CCN(CCCN2c(c3C=Cc(c24)cccc4)cccc3)CC1,0,OCCN1CCN(CCCN2c3ccccc3C=Cc3ccccc32)CC1,3.308500000000002,363.50500000000017,6.0,4.0,1.0,4.0,29.950000000000003
hERG604,CCCCNc1c(C(OCC)=O)c(C)nc(c12)n(CC)nc2,0,CCCCNc1c(C(=O)OCC)c(C)nc2c1cnn2CC,3.148320000000002,304.394,7.0,6.0,1.0,2.0,69.03999999999999
hERG605,COc1ccc(CNC(C=Cc2cc(c3cc2)c(CCN(C)C)c[nH]3)=O)cc1,0,COc1ccc(CNC(=O)C=Cc2ccc3[nH]cc(CCN(C)C)c3c2)cc1,3.6102000000000025,377.48800000000017,8.0,3.0,2.0,3.0,57.36
hERG606,O=C1C2C3(C(C4N(CC5CC5)CC3)(O)CC1)c(c6C4)c(O2)c(O)cc6,0,O=C1CCC2(O)C3Cc4ccc(O)c5c4C2(CCN3CC2CC2)C1O5,1.5253999999999999,341.4070000000001,2.0,5.0,2.0,6.0,70.0
hERG607,CN(C(S)=S)C,0,CN(C)C(=S)S,0.7626999999999999,121.23,0.0,1.0,1.0,0.0,3.24
hERG608,N#CC(C(NCCCc1ccccc1)=O)=Cc2cc(O)c(O)cc2,0,N#CC(=Cc1ccc(O)c(O)c1)C(=O)NCCCc1ccccc1,2.753780000000001,322.364,6.0,4.0,3.0,2.0,93.35
hERG609,CC1NN=C(c2ccc(N)cc2)c(c3C1)cc4c(OCO4)c3,0,CC1Cc2cc3c(cc2C(c2ccc(N)cc2)=NN1)OCO3,2.2840999999999996,295.3420000000001,1.0,5.0,2.0,4.0,68.87
hERG610,CN1CCC(=C2c(c3CC(=O)c(c24)scc4)cccc3)CC1,0,CN1CCC(=C2c3ccccc3CC(=O)c3sccc32)CC1,4.014400000000004,309.4340000000001,0.0,3.0,0.0,4.0,20.310000000000002
hERG611,NNc1c(c2cnn1)cccc2,0,NNc1nncc2ccccc12,0.9153999999999998,160.17999999999998,1.0,4.0,2.0,2.0,63.83
hERG612,COc1c2c(OC3(C(C)CC(=O)C=C3OC)C2=O)c(Cl)c(OC)c1,0,COC1=CC(=O)CC(C)C12Oc1c(Cl)c(OC)cc(OC)c1C2=O,2.8103000000000007,352.7700000000001,3.0,6.0,0.0,3.0,71.06
hERG613,O=C(C1CN(CCC=C(c2ccccc2)c3ccccc3)CCC1)O,0,O=C(O)C1CCCN(CCC=C(c2ccccc2)c2ccccc2)C1,4.305000000000004,335.4470000000001,6.0,2.0,1.0,3.0,40.54
hERG614,CCN(CCCC(Nc1c(c2nc(c13)cc(Cl)cc3)cc(OC)cc2)C)CC,0,CCN(CC)CCCC(C)Nc1c2ccc(Cl)cc2nc2ccc(OC)cc12,5.972400000000006,399.9660000000002,9.0,4.0,1.0,3.0,37.39
hERG615,Oc1c(O)cc2c(CCCN(C(NCCc3ccc(Cl)cc3)=S)C2)c1,0,Oc1cc2c(cc1O)CN(C(=S)NCCc1ccc(Cl)cc1)CCC2,3.6166000000000027,376.9090000000001,3.0,3.0,3.0,3.0,55.730000000000004
hERG616,Oc1ccc(C2c(c3CCNC2)cc(O)c(O)c3Cl)cc1,0,Oc1ccc(C2CNCCc3c2cc(O)c(O)c3Cl)cc1,2.734400000000001,305.76099999999997,1.0,4.0,4.0,3.0,72.72
hERG617,CC(CC(Nc1ccc(Nc2ccccc2)cc1)C)C,0,CC(C)CC(C)Nc1ccc(Nc2ccccc2)cc1,5.2767000000000035,268.404,6.0,2.0,2.0,2.0,24.06
hERG618,Cc1[nH]c2c(c(F)c(Oc3c(n4ncn3)c(C)c(OCCCS(=O)(=O)C)c4)cc2)c1,0,Cc1cc2c(F)c(Oc3ncnn4cc(OCCCS(C)(=O)=O)c(C)c34)ccc2[nH]1,3.5723400000000023,432.4770000000002,7.0,7.0,1.0,4.0,98.57999999999998
hERG619,CC1(C(=O)CC2)C2C3C(C(C)(C4CC3)CCC(O)C4)CC1,0,CC12CCC3C(CCC4CC(O)CCC43C)C1CCC2=O,3.959100000000003,290.447,0.0,2.0,1.0,4.0,37.3
hERG620,CCCN1C(C2CC1)CCc(c23)ccc(O)c3,0,CCCN1CCC2c3cc(O)ccc3CCC21,2.9063000000000017,231.33899999999997,2.0,2.0,1.0,3.0,23.47
hERG621,CC(N=C=NC(C)C)C,0,CC(C)N=C=NC(C)C,1.9771,126.20299999999999,2.0,2.0,0.0,0.0,24.72
hERG622,c1cc2c(c(c(c3ccc4)c24)ccc3)cc1,0,c1ccc2c(c1)-c1cccc3cccc-2c13,4.487200000000002,202.25599999999997,0.0,0.0,0.0,4.0,0.0
hERG623,COC(c1c(C(c2c(Cc3ccccc3)cccc2)=O)c(C)[nH]c1C)=O,0,COC(=O)c1c(C)[nH]c(C)c1C(=O)c1ccccc1Cc1ccccc1,4.239940000000003,347.4140000000001,5.0,3.0,1.0,3.0,59.160000000000004
hERG624,CC(c1c(O)c(C(C)(C)C)cc(CC(C=O)(C)C)c1)(C)C,0,CC(C)(C=O)Cc1cc(C(C)(C)C)c(O)c(C(C)(C)C)c1,4.754800000000004,290.447,3.0,2.0,1.0,1.0,37.3
hERG625,COCCOCC#Cc1scc(c2c3c(c(c4C3)cc(Cn5ncnc5)cc4)[nH]n2)c1,0,COCCOCC#Cc1cc(-c2n[nH]c3c2Cc2ccc(Cn4cncn4)cc2-3)cs1,3.3637000000000024,431.52100000000013,7.0,7.0,1.0,5.0,77.85000000000001
hERG626,O=[N+](c1c(Nc2ccccc2)cccc1)[O-],0,O=[N+]([O-])c1ccccc1Nc1ccccc1,3.338400000000001,214.224,3.0,3.0,1.0,2.0,55.17
hERG627,ClC(C(C(Cl)(Cl)C12Cl)(Cl)C(C13)C4CC3C(C45)O5)=C2Cl,0,ClC1=C(Cl)C2(Cl)C3C4CC(C5OC45)C3C1(Cl)C2(Cl)Cl,4.481400000000002,380.913,0.0,1.0,0.0,5.0,12.53
hERG628,COP(Oc1cc(C)c(SC)cc1)(OC)=S,0,COP(=S)(OC)Oc1ccc(SC)c(C)c1,3.6130200000000023,278.335,5.0,5.0,0.0,1.0,27.69
hERG629,Cc1c(N)c2c(C(=O)c(c3C2=O)cccc3)cc1,0,Cc1ccc2c(c1N)C(=O)c1ccccc1C2=O,2.352620000000001,237.258,0.0,3.0,1.0,3.0,60.160000000000004
hERG630,O=[N+](c1ccc(CSc2c3c(n(C4C(O)C(O)C(CO)O4)cn3)ncn2)cc1)[O-],0,O=[N+]([O-])c1ccc(CSc2ncnc3c2ncn3C2OC(CO)C(O)C2O)cc1,0.6382999999999992,419.4190000000001,6.0,11.0,3.0,4.0,156.66
hERG631,Cc1ccc(S(NC(C(CCl)=O)Cc2ccccc2)(=O)=O)cc1,0,Cc1ccc(S(=O)(=O)NC(Cc2ccccc2)C(=O)CCl)cc1,2.692520000000001,351.85500000000013,7.0,3.0,1.0,2.0,63.24
hERG632,C=CCN1C2c(c3CC1)c(c(c4C2)c(O)c(O)cc4)ccc3,0,C=CCN1CCc2cccc3c2C1Cc1ccc(O)c(O)c1-3,3.406100000000003,293.36600000000004,2.0,3.0,2.0,4.0,43.7
hERG633,CCCOC(c1c(c2ccccc2)nc(CC)c(C(SCC)=O)c1CCC)=O,0,CCCOC(=O)c1c(-c2ccccc2)nc(CC)c(C(=O)SCC)c1CCC,5.723600000000006,399.5560000000002,9.0,5.0,0.0,2.0,56.26
hERG634,Cn1c(c2c(C(OCC3CCN(CCNS(=O)(=O)C)CC3)=O)c1)cccc2,0,Cn1cc(C(=O)OCC2CCN(CCNS(C)(=O)=O)CC2)c2ccccc21,1.5963000000000003,393.5090000000001,7.0,6.0,1.0,3.0,80.64
hERG635,COc1cc2c(n(C(c3ccc(Cl)cc3)=O)c(C)c2CC(N4CCOCC4)=O)cc1,0,COc1ccc2c(c1)c(CC(=O)N1CCOCC1)c(C)n2C(=O)c1ccc(Cl)cc1,3.701520000000002,426.9000000000001,4.0,5.0,0.0,4.0,60.769999999999996
hERG636,CCN(CCNC(c1c(OC)ccc(S(=O)(=O)C)c1)=O)CC,0,CCN(CC)CCNC(=O)c1cc(S(C)(=O)=O)ccc1OC,1.1702999999999997,328.4340000000001,8.0,5.0,1.0,1.0,75.71000000000001
hERG637,COCC1C2(C)c(c3C(=O)O1)c(C(=O)C4=C2C(OC(=O)C)CC(C)(C45)C(=O)CC5)oc3,0,COCC1OC(=O)c2coc3c2C1(C)C1=C(C3=O)C2CCC(=O)C2(C)CC1OC(C)=O,2.5364000000000004,428.4370000000003,3.0,8.0,0.0,5.0,109.11000000000001
hERG638,CCC(Nc1ccc(NC(CC)C)cc1)C,0,CCC(C)Nc1ccc(NC(C)CC)cc1,4.107400000000003,220.35999999999999,6.0,2.0,2.0,1.0,24.06
hERG639,O=C1N(c2ccccc2)[Se]c(c13)cccc3,0,O=c1c2ccccc2[se]n1-c1ccccc1,2.0477,274.181,1.0,2.0,0.0,3.0,22.0
hERG640,CCCCCCCCCCCCCCCC[n+]1ccccc1,0,CCCCCCCCCCCCCCCC[n+]1ccccc1,6.455400000000006,304.5419999999999,15.0,0.0,0.0,1.0,3.88
hERG641,O=[N+](C(Br)Br)[O-],0,O=[N+]([O-])C(Br)Br,1.3365,218.832,1.0,2.0,0.0,0.0,43.14
hERG642,Cc1c2c(C(=O)c(c3C2=O)c(O)c(O)c(C4C(O)C(O)C(O)C(CO)O4)c3O)cc(O)c1C(O)=O,0,Cc1c(C(=O)O)c(O)cc2c1C(=O)c1c(O)c(C3OC(CO)C(O)C(O)C3O)c(O)c(O)c1C2=O,-1.1940800000000005,492.3890000000002,3.0,12.0,9.0,4.0,242.50999999999996
hERG643,CCCCCCCCCC(NC(C(c1ccccc1)O)CN2CCOCC2)=O,0,CCCCCCCCCC(=O)NC(CN1CCOCC1)C(O)c1ccccc1,3.6777000000000024,390.5680000000001,13.0,4.0,2.0,2.0,61.80000000000001
hERG644,CCC=CCC=CCC=CCCCCCCCC(OCC)=O,0,CCC=CCC=CCC=CCCCCCCCC(=O)OCC,6.1390000000000065,306.49,14.0,2.0,0.0,0.0,26.3
hERG645,COc1cc(O)c(C(c2ccccc2)=O)cc1,0,COc1ccc(C(=O)c2ccccc2)c(O)c1,2.631800000000001,228.247,3.0,3.0,1.0,2.0,46.53
hERG646,CC(NCC(c1cc(C(=O)N)c(O)cc1)O)CCc2ccccc2,0,CC(CCc1ccccc1)NCC(O)c1ccc(O)c(C(N)=O)c1,2.1353999999999997,328.4120000000001,8.0,4.0,4.0,2.0,95.57999999999998
hERG647,CC(C1(C(C)CC2=C(C(C)(C)CCC2)C1)C)=O,0,CC(=O)C1(C)CC2=C(CCCC2(C)C)CC1C,4.518300000000004,234.38299999999995,1.0,1.0,0.0,2.0,17.07
hERG648,Cc1c(CC(NCC2)=N2)c(C)c(O)c(C(C)(C)C)c1,0,Cc1cc(C(C)(C)C)c(O)c(C)c1CC1=NCCN1,2.850740000000001,260.3809999999999,2.0,3.0,2.0,2.0,44.620000000000005
hERG649,CC(c1ccccc1)(OOC(c2ccccc2)(C)C)C,0,CC(C)(OOC(C)(C)c1ccccc1)c1ccccc1,4.805200000000005,270.372,5.0,2.0,0.0,2.0,18.46
hERG650,C=C(C1Oc2c(c3c(C(=O)C(C4O3)c(c5OC4)cc(OC)c(OC)c5)cc2)C1)C,0,C=C(C)C1Cc2c(ccc3c2OC2COc4cc(OC)c(OC)cc4C2C3=O)O1,3.7033000000000023,394.4230000000001,3.0,6.0,0.0,5.0,63.22
hERG651,C=CCOC(CCCCCCCC)=O,0,C=CCOC(=O)CCCCCCCC,3.4662000000000024,198.30599999999995,9.0,2.0,0.0,0.0,26.3
hERG652,Oc1c(O)cc(C2c(c3CNC2)ccs3)cc1,0,Oc1ccc(C2CNCc3sccc32)cc1O,2.3944000000000014,247.31900000000002,1.0,4.0,3.0,3.0,52.489999999999995
hERG653,C(=NC1CCCCC1)=NC2CCCCC2,0,C(=NC1CCCCC1)=NC1CCCCC1,3.825700000000003,206.33299999999997,2.0,2.0,0.0,2.0,24.72
hERG654,CC(Nc1ccc(C(CCl)=O)cc1)=O,0,CC(=O)Nc1ccc(C(=O)CCl)cc1,2.0665,211.64799999999997,3.0,2.0,1.0,1.0,46.17
hERG655,N=C(SCCc1cc(CCSC(N)=N)ccc1)N,0,N=C(N)SCCc1cccc(CCSC(=N)N)c1,2.02494,282.438,6.0,4.0,4.0,1.0,99.74
hERG656,NNC(c1ccncc1)=O,0,NNC(=O)c1ccncc1,-0.3149000000000006,137.142,1.0,3.0,2.0,1.0,68.00999999999999
hERG657,CC(CC(C(O)=O)NC(C(C(Cc1ccccc1)N)O)=O)C,0,CC(C)CC(NC(=O)C(O)C(N)Cc1ccccc1)C(=O)O,0.5328000000000004,308.37800000000004,8.0,4.0,4.0,1.0,112.64999999999999
hERG658,CCOP(Oc1c(Cl)cc(Cl)c(Cl)n1)(OCC)=S,0,CCOP(=S)(OCC)Oc1nc(Cl)c(Cl)cc1Cl,4.718100000000002,350.591,6.0,5.0,0.0,1.0,40.58
hERG660,CCCc1c2c(C(=O)NC(c3c(OCC)ccc(S(N4CCN(C)CC4)(=O)=O)c3)=N2)n(C)n1,0,CCCc1nn(C)c2c(=O)[nH]c(-c3cc(S(=O)(=O)N4CCN(C)CC4)ccc3OCC)nc12,1.6109,474.5870000000004,7.0,8.0,1.0,4.0,113.41999999999999
hERG661,Nc1c2c(CCCC2O)nc(c13)cccc3,0,Nc1c2c(nc3ccccc13)CCCC2O,2.1867000000000005,214.26799999999994,0.0,3.0,2.0,3.0,59.14
hERG662,CC1OC(=O)c(c2C=CCCCC(=O)CCC1)c(O)cc(O)c2,0,CC1CCCC(=O)CCCC=Cc2cc(O)cc(O)c2C(=O)O1,3.5796000000000032,318.3690000000001,0.0,5.0,2.0,2.0,83.83
hERG663,CC(N(Cc1ccccc1)CCCl)COc2ccccc2,0,CC(COc1ccccc1)N(CCCl)Cc1ccccc1,4.194900000000003,303.83299999999997,8.0,2.0,0.0,2.0,12.47
hERG665,CC=C1C(C)(C2CC1=O)CCC(C23)C(C)(C(=C4)CC3)CCC4=O,0,CC=C1C(=O)CC2C3CCC4=CC(=O)CCC4(C)C3CCC12C,4.643600000000005,312.45300000000003,0.0,2.0,0.0,4.0,34.14
hERG666,CCOP(Oc1ccc([N+]([O-])=O)cc1)(OCC)=S,0,CCOP(=S)(OCC)Oc1ccc([N+](=O)[O-])cc1,3.2711000000000023,291.265,7.0,6.0,0.0,1.0,70.83
hERG667,ClC(=C(c1ccc(Cl)cc1)c2ccc(Cl)cc2)Cl,0,ClC(Cl)=C(c1ccc(Cl)cc1)c1ccc(Cl)cc1,6.187900000000003,318.0300000000001,2.0,0.0,0.0,2.0,0.0
hERG668,CN(C1C(N2CCCC2)CCCC1)C(Cc3cc(Cl)c(Cl)cc3)=O,0,CN(C(=O)Cc1ccc(Cl)c(Cl)c1)C1CCCCC1N1CCCC1,4.4013000000000035,369.3360000000003,4.0,2.0,0.0,3.0,23.550000000000004
hERG669,O=S(c1ccc(Cl)cc1)(c2ccc(Cl)cc2)=O,0,O=S(=O)(c1ccc(Cl)cc1)c1ccc(Cl)cc1,3.826200000000002,287.16700000000003,2.0,2.0,0.0,2.0,34.14
hERG671,CN(CCOC(c1ccccc1)c2ccccc2)C,0,CN(C)CCOC(c1ccccc1)c1ccccc1,3.3542000000000023,255.36100000000002,6.0,2.0,0.0,2.0,12.47
hERG672,CN(CCC(c1ncccc1)c2ccccc2)C,0,CN(C)CCC(c1ccccc1)c1ccccn1,3.1652000000000013,240.35000000000002,5.0,2.0,0.0,2.0,16.130000000000003
hERG673,CN1C(OCc2ccc(NS(=O)(=O)C)cc2)=NC(c3ccccc3)c(c4C1)cccc4,0,CN1Cc2ccccc2C(c2ccccc2)N=C1OCc1ccc(NS(C)(=O)=O)cc1,4.165700000000003,435.54900000000015,5.0,5.0,1.0,4.0,71.0
hERG675,Clc1ccc(C(C(Cl)Cl)c2c(Cl)cccc2)cc1,0,Clc1ccc(C(c2ccccc2Cl)C(Cl)Cl)cc1,5.929000000000002,320.04600000000005,3.0,0.0,0.0,2.0,0.0
hERG676,COC(C1C(C2CCC1O)CC(N3C2)c(c4CC3)[nH]c(c45)cccc5)=O,0,COC(=O)C1C(O)CCC2CN3CCc4c([nH]c5ccccc45)C3CC21,2.647100000000001,354.45000000000005,1.0,4.0,2.0,5.0,65.56
hERG677,COc1ccc(C(C(Cl)(Cl)Cl)c2ccc(OC)cc2)cc1,0,COc1ccc(C(c2ccc(OC)cc2)C(Cl)(Cl)Cl)cc1,5.205900000000003,345.653,4.0,2.0,0.0,2.0,18.46
hERG678,NC(C(O)=O)Cc1ccc(N(CCCl)CCCl)cc1,0,NC(Cc1ccc(N(CCCl)CCCl)cc1)C(=O)O,1.925,305.205,8.0,3.0,2.0,1.0,66.56
hERG679,Nc1nc(c2c(N)n1)nc(N)c(c3ccccc3)n2,0,Nc1nc(N)c2nc(-c3ccccc3)c(N)nc2n1,0.8334000000000001,253.26900000000003,1.0,7.0,3.0,3.0,129.62
hERG680,CSc1ccc(C2c(c3CN(C)C(OCc4ccc(NS(=O)(=O)C)cc4)=N2)cccc3)cc1,0,CSc1ccc(C2N=C(OCc3ccc(NS(C)(=O)=O)cc3)N(C)Cc3ccccc32)cc1,4.887600000000004,481.6430000000002,6.0,6.0,1.0,4.0,70.99999999999999
hERG681,O=C1N(SC(Cl)(Cl)Cl)C(=O)C(C12)CC=CC2,0,O=C1C2CC=CCC2C(=O)N1SC(Cl)(Cl)Cl,2.9135000000000018,300.59399999999994,1.0,3.0,0.0,2.0,37.38
hERG682,CN1C(CCc2ccc(NS(=O)(=O)C)cc2)=NC(c3c(F)cc(F)cc3)c(c4C1)cccc4,0,CN1Cc2ccccc2C(c2ccc(F)cc2F)N=C1CCc1ccc(NS(C)(=O)=O)cc1,4.902400000000005,469.5570000000002,6.0,4.0,1.0,4.0,61.77
hERG684,O=C1C2(C3(C(Cl)(C24Cl)C(Cl)(Cl)C(Cl)(C45Cl)C3(Cl)C15Cl)Cl)Cl,0,O=C1C2(Cl)C3(Cl)C4(Cl)C(Cl)(Cl)C5(Cl)C3(Cl)C1(Cl)C5(Cl)C24Cl,4.6182,490.63900000000024,0.0,1.0,0.0,6.0,17.07
